"Ont name","Classification time (ms)","Reasoner"
"ore_ont_10892.owl","2140.6666666666665","ELK"
"ore_ont_10134.owl","960.6666666666666","ELK"
"ore_ont_2658.owl","2127.0","ELK"
"ore_ont_934.owl","946.6666666666666","ELK"
"ore_ont_11315.owl","12591.333333333334","ELK"
"ore_ont_2700.owl","1958.0","ELK"
"ore_ont_1820.owl","6674.666666666667","ELK"
"ore_ont_9809.owl","8210.333333333334","ELK"
"ore_ont_1970.owl","1232.6666666666667","ELK"
"ore_ont_11526.owl","734.0","ELK"
"ore_ont_3022.owl","747.6666666666666","ELK"
"ore_ont_869.owl","1111.3333333333333","ELK"
"ore_ont_2662.owl","672.3333333333334","ELK"
"ore_ont_3584.owl","1600.6666666666667","ELK"
"ore_ont_16703.owl","3863.3333333333335","ELK"
"ore_ont_8359.owl","1605.0","ELK"
"ore_ont_11196.owl","9726.333333333334","ELK"
"ore_ont_7969.owl","636.6666666666666","ELK"
"ore_ont_2624.owl","2117.3333333333335","ELK"
"ore_ont_12536.owl","2156.0","ELK"
"ore_ont_13229.owl","11236.333333333334","ELK"
"ore_ont_727.owl","1083.6666666666667","ELK"
"ore_ont_11140.owl","1326.0","ELK"
"ore_ont_1853.owl","843.6666666666666","ELK"
"ore_ont_9558.owl","1610.6666666666667","ELK"
"ore_ont_11636.owl","2119.6666666666665","ELK"
"ore_ont_6889.owl","751.0","ELK"
"ore_ont_1091.owl","2010.3333333333333","ELK"
"ore_ont_4261.owl","910.0","ELK"
"ore_ont_10689.owl","29835.666666666668","ELK"
"ore_ont_10173.owl","1675.3333333333333","ELK"
"ore_ont_16359.owl","742.3333333333334","ELK"
"ore_ont_7025.owl","1808.3333333333333","ELK"
"ore_ont_6354.owl","1564.3333333333333","ELK"
"ore_ont_13674.owl","1625.0","ELK"
"ore_ont_14746.owl","631.6666666666666","ELK"
"ore_ont_3258.owl","859.0","ELK"
"ore_ont_11972.owl","739.6666666666666","ELK"
"ore_ont_10340.owl","722.0","ELK"
"ore_ont_7893.owl","971.0","ELK"
"ore_ont_237.owl","763.0","ELK"
"ore_ont_8792.owl","2665.6666666666665","ELK"
"ore_ont_11005.owl","7632.0","ELK"
"ore_ont_3639.owl","674.3333333333334","ELK"
"ore_ont_8684.owl","1606.6666666666667","ELK"
"ore_ont_8322.owl","1639.0","ELK"
"ore_ont_10133.owl","829.0","ELK"
"ore_ont_6862.owl","1542.6666666666667","ELK"
"ore_ont_541.owl","724.0","ELK"
"ore_ont_5164.owl","767.6666666666666","ELK"
"ore_ont_3954.owl","4852.0","ELK"
"ore_ont_16821.owl","808.3333333333334","ELK"
"ore_ont_1034.owl","747.6666666666666","ELK"
"ore_ont_11064.owl","896.0","ELK"
"ore_ont_15680.owl","1412.3333333333333","ELK"
"ore_ont_11416.owl","852.0","ELK"
"ore_ont_412.owl","1390.3333333333333","ELK"
"ore_ont_8047.owl","661.3333333333334","ELK"
"ore_ont_8627.owl","820.6666666666666","ELK"
"ore_ont_1469.owl","1629.3333333333333","ELK"
"ore_ont_8460.owl","990.3333333333334","ELK"
"ore_ont_4557.owl","3746.3333333333335","ELK"
"ore_ont_10419.owl","837.3333333333334","ELK"
"ore_ont_566.owl","871.6666666666666","ELK"
"ore_ont_15184.owl","1556.3333333333333","ELK"
"ore_ont_11477.owl","1087.0","ELK"
"ore_ont_6999.owl","880.3333333333334","ELK"
"ore_ont_239.owl","3994.6666666666665","ELK"
"ore_ont_14334.owl","1005.0","ELK"
"ore_ont_11695.owl","6703.666666666667","ELK"
"ore_ont_6368.owl","731.3333333333334","ELK"
"ore_ont_1325.owl","799.6666666666666","ELK"
"ore_ont_11619.owl","1102.3333333333333","ELK"
"ore_ont_13902.owl","2906.3333333333335","ELK"
"ore_ont_7399.owl","1607.6666666666667","ELK"
"ore_ont_2360.owl","1620.6666666666667","ELK"
"ore_ont_12330.owl","2815.6666666666665","ELK"
"ore_ont_9635.owl","702.0","ELK"
"ore_ont_6617.owl","736.6666666666666","ELK"
"ore_ont_5074.owl","670.6666666666666","ELK"
"ore_ont_14308.owl","13457.333333333334","ELK"
"ore_ont_7011.owl","940.3333333333334","ELK"
"ore_ont_6230.owl","1456.6666666666667","ELK"
"ore_ont_7340.owl","7445.666666666667","ELK"
"ore_ont_16814.owl","720.0","ELK"
"ore_ont_10314.owl","694.6666666666666","ELK"
"ore_ont_3301.owl","1086.6666666666667","ELK"
"ore_ont_3726.owl","898.0","ELK"
"ore_ont_10929.owl","2192.6666666666665","ELK"
"ore_ont_9303.owl","1562.0","ELK"
"ore_ont_5792.owl","1401.3333333333333","ELK"
"ore_ont_6120.owl","5279.333333333333","ELK"
"ore_ont_16371.owl","1059.0","ELK"
"ore_ont_9014.owl","1315.0","ELK"
"ore_ont_9724.owl","6319.666666666667","ELK"
"ore_ont_5485.owl","1058.0","ELK"
"ore_ont_4226.owl","1421.6666666666667","ELK"
"ore_ont_4581.owl","1640.6666666666667","ELK"
"ore_ont_4780.owl","2265.3333333333335","ELK"
"ore_ont_10197.owl","1359.3333333333333","ELK"
"ore_ont_13690.owl","2666.6666666666665","ELK"
"ore_ont_16669.owl","1731.6666666666667","ELK"
"ore_ont_155.owl","940.6666666666666","ELK"
"ore_ont_13053.owl","755.3333333333334","ELK"
"ore_ont_10146.owl","1156.3333333333333","ELK"
"ore_ont_4400.owl","823.3333333333334","ELK"
"ore_ont_13840.owl","1677.3333333333333","ELK"
"ore_ont_11203.owl","760.6666666666666","ELK"
"ore_ont_8298.owl","1141.0","ELK"
"ore_ont_3263.owl","832.3333333333334","ELK"
"ore_ont_10127.owl","1284.3333333333333","ELK"
"ore_ont_13482.owl","9579.666666666666","ELK"
"ore_ont_8579.owl","1731.3333333333333","ELK"
"ore_ont_16684.owl","2974.3333333333335","ELK"
"ore_ont_15152.owl","1323.0","ELK"
"ore_ont_9499.owl","9813.666666666666","ELK"
"ore_ont_5359.owl","1015.3333333333334","ELK"
"ore_ont_13684.owl","4503.333333333333","ELK"
"ore_ont_4178.owl","2073.3333333333335","ELK"
"ore_ont_16744.owl","101682.0","ELK"
"ore_ont_16453.owl","1868.6666666666667","ELK"
"ore_ont_6948.owl","20092.0","ELK"
"ore_ont_6202.owl","1546.0","ELK"
"ore_ont_9786.owl","1277.3333333333333","ELK"
"ore_ont_12415.owl","679.0","ELK"
"ore_ont_14863.owl","1592.3333333333333","ELK"
"ore_ont_12323.owl","774.6666666666666","ELK"
"ore_ont_4917.owl","3701.6666666666665","ELK"
"ore_ont_8362.owl","906.0","ELK"
"ore_ont_16738.owl","1657.0","ELK"
"ore_ont_13066.owl","734.6666666666666","ELK"
"ore_ont_6822.owl","1308.6666666666667","ELK"
"ore_ont_7256.owl","2946.3333333333335","ELK"
"ore_ont_10264.owl","670.6666666666666","ELK"
"ore_ont_420.owl","673.3333333333334","ELK"
"ore_ont_10888.owl","743.3333333333334","ELK"
"ore_ont_13898.owl","1076.3333333333333","ELK"
"ore_ont_15929.owl","6921.666666666667","ELK"
"ore_ont_7729.owl","12404.333333333334","ELK"
"ore_ont_10838.owl","6554.0","ELK"
"ore_ont_6659.owl","3317.6666666666665","ELK"
"ore_ont_3914.owl","7722.666666666667","ELK"
"ore_ont_9890.owl","1220.3333333333333","ELK"
"ore_ont_13872.owl","829.3333333333334","ELK"
"ore_ont_14879.owl","3194.0","ELK"
"ore_ont_12379.owl","743.3333333333334","ELK"
"ore_ont_10174.owl","635.6666666666666","ELK"
"ore_ont_7251.owl","2094.0","ELK"
"ore_ont_12452.owl","2627.0","ELK"
"ore_ont_8273.owl","1367.6666666666667","ELK"
"ore_ont_1272.owl","4985.0","ELK"
"ore_ont_7439.owl","1480.3333333333333","ELK"
"ore_ont_10199.owl","677.6666666666666","ELK"
"ore_ont_1123.owl","7403.666666666667","ELK"
"ore_ont_12925.owl","1182.6666666666667","ELK"
"ore_ont_12221.owl","2981.0","ELK"
"ore_ont_668.owl","2115.6666666666665","ELK"
"ore_ont_4918.owl","813.3333333333334","ELK"
"ore_ont_3050.owl","1634.6666666666667","ELK"
"ore_ont_13139.owl","1571.3333333333333","ELK"
"ore_ont_1705.owl","859.6666666666666","ELK"
"ore_ont_13545.owl","1383.6666666666667","ELK"
"ore_ont_2664.owl","1655.6666666666667","ELK"
"ore_ont_6859.owl","766.0","ELK"
"ore_ont_13124.owl","1854.0","ELK"
"ore_ont_9758.owl","1674.3333333333333","ELK"
"ore_ont_15687.owl","8866.0","ELK"
"ore_ont_10481.owl","1660.0","ELK"
"ore_ont_1944.owl","747.6666666666666","ELK"
"ore_ont_12801.owl","1585.0","ELK"
"ore_ont_15933.owl","980.0","ELK"
"ore_ont_2622.owl","3111.0","ELK"
"ore_ont_11949.owl","613.0","ELK"
"ore_ont_9835.owl","7532.0","ELK"
"ore_ont_5852.owl","593.6666666666666","ELK"
"ore_ont_6664.owl","3827.6666666666665","ELK"
"ore_ont_8666.owl","687.0","ELK"
"ore_ont_8882.owl","1557.6666666666667","ELK"
"ore_ont_4834.owl","2091.6666666666665","ELK"
"ore_ont_385.owl","723.0","ELK"
"ore_ont_13524.owl","707.0","ELK"
"ore_ont_850.owl","1006.6666666666666","ELK"
"ore_ont_8187.owl","908.0","ELK"
"ore_ont_7479.owl","1638.0","ELK"
"ore_ont_508.owl","672.6666666666666","ELK"
"ore_ont_3106.owl","1498.6666666666667","ELK"
"ore_ont_3341.owl","624.6666666666666","ELK"
"ore_ont_1866.owl","747.3333333333334","ELK"
"ore_ont_15791.owl","860.0","ELK"
"ore_ont_5978.owl","786.6666666666666","ELK"
"ore_ont_15878.owl","2410.6666666666665","ELK"
"ore_ont_3087.owl","6469.0","ELK"
"ore_ont_6076.owl","2385.3333333333335","ELK"
"ore_ont_5033.owl","946.3333333333334","ELK"
"ore_ont_3349.owl","1019.3333333333334","ELK"
"ore_ont_9054.owl","898.6666666666666","ELK"
"ore_ont_2038.owl","668.6666666666666","ELK"
"ore_ont_4897.owl","734.6666666666666","ELK"
"ore_ont_14816.owl","726.0","ELK"
"ore_ont_10280.owl","1444.0","ELK"
"ore_ont_9557.owl","692.6666666666666","ELK"
"ore_ont_6857.owl","997.3333333333334","ELK"
"ore_ont_7712.owl","3137.6666666666665","ELK"
"ore_ont_10749.owl","2092.3333333333335","ELK"
"ore_ont_7584.owl","971.0","ELK"
"ore_ont_16299.owl","1496.3333333333333","ELK"
"ore_ont_12387.owl","8764.0","ELK"
"ore_ont_202.owl","748.6666666666666","ELK"
"ore_ont_13759.owl","673.3333333333334","ELK"
"ore_ont_257.owl","2114.6666666666665","ELK"
"ore_ont_14191.owl","1982.0","ELK"
"ore_ont_8668.owl","1869.6666666666667","ELK"
"ore_ont_16274.owl","717.0","ELK"
"ore_ont_5358.owl","8323.0","ELK"
"ore_ont_9498.owl","14969.0","ELK"
"ore_ont_5669.owl","1647.6666666666667","ELK"
"ore_ont_12884.owl","1626.6666666666667","ELK"
"ore_ont_12351.owl","20199.333333333332","ELK"
"ore_ont_12097.owl","958.0","ELK"
"ore_ont_11037.owl","11393.333333333334","ELK"
"ore_ont_6816.owl","5563.666666666667","ELK"
"ore_ont_1537.owl","943.0","ELK"
"ore_ont_1666.owl","1378.0","ELK"
"ore_ont_3133.owl","3355.0","ELK"
"ore_ont_3836.owl","12091.0","ELK"
"ore_ont_8119.owl","753.6666666666666","ELK"
"ore_ont_8578.owl","837.0","ELK"
"ore_ont_10160.owl","1006.0","ELK"
"ore_ont_3966.owl","895.6666666666666","ELK"
"ore_ont_2121.owl","22443.333333333332","ELK"
"ore_ont_16594.owl","700.6666666666666","ELK"
"ore_ont_10425.owl","1683.6666666666667","ELK"
"ore_ont_9899.owl","1245.0","ELK"
"ore_ont_3842.owl","618.0","ELK"
"ore_ont_1685.owl","1025.6666666666667","ELK"
"ore_ont_2591.owl","1713.0","ELK"
"ore_ont_4898.owl","897.3333333333334","ELK"
"ore_ont_15796.owl","1572.3333333333333","ELK"
"ore_ont_3080.owl","1648.0","ELK"
"ore_ont_1931.owl","889.6666666666666","ELK"
"ore_ont_2456.owl","834.0","ELK"
"ore_ont_7300.owl","2505.3333333333335","ELK"
"ore_ont_4724.owl","652.6666666666666","ELK"
"ore_ont_904.owl","1636.6666666666667","ELK"
"ore_ont_14348.owl","777.6666666666666","ELK"
"ore_ont_2749.owl","1146.0","ELK"
"ore_ont_13392.owl","617.6666666666666","ELK"
"ore_ont_5612.owl","6249.0","ELK"
"ore_ont_3455.owl","668.0","ELK"
"ore_ont_16767.owl","1142.6666666666667","ELK"
"ore_ont_4798.owl","1154.6666666666667","ELK"
"ore_ont_13064.owl","692.6666666666666","ELK"
"ore_ont_3685.owl","843.6666666666666","ELK"
"ore_ont_3484.owl","1001.3333333333334","ELK"
"ore_ont_5059.owl","3328.3333333333335","ELK"
"ore_ont_5769.owl","2263.3333333333335","ELK"
"ore_ont_10702.owl","968.0","ELK"
"ore_ont_13276.owl","5167.0","ELK"
"ore_ont_11523.owl","698.0","ELK"
"ore_ont_8431.owl","1528.3333333333333","ELK"
"ore_ont_5216.owl","846.0","ELK"
"ore_ont_12721.owl","723.3333333333334","ELK"
"ore_ont_13383.owl","981.0","ELK"
"ore_ont_4572.owl","7026.666666666667","ELK"
"ore_ont_4242.owl","1729.3333333333333","ELK"
"ore_ont_22.owl","1956.3333333333333","ELK"
"ore_ont_4092.owl","1803.6666666666667","ELK"
"ore_ont_6923.owl","1343.6666666666667","ELK"
"ore_ont_15125.owl","3369.3333333333335","ELK"
"ore_ont_13657.owl","800.6666666666666","ELK"
"ore_ont_5966.owl","727.6666666666666","ELK"
"ore_ont_13591.owl","1833.6666666666667","ELK"
"ore_ont_330.owl","1738.0","ELK"
"ore_ont_4354.owl","973.6666666666666","ELK"
"ore_ont_13887.owl","879.6666666666666","ELK"
"ore_ont_10992.owl","1807.0","ELK"
"ore_ont_6401.owl","1059.0","ELK"
"ore_ont_6409.owl","963.0","ELK"
"ore_ont_16509.owl","1426.6666666666667","ELK"
"ore_ont_11274.owl","855.3333333333334","ELK"
"ore_ont_2697.owl","598.6666666666666","ELK"
"ore_ont_15490.owl","1200.3333333333333","ELK"
"ore_ont_3770.owl","712.3333333333334","ELK"
"ore_ont_10536.owl","587.0","ELK"
"ore_ont_13423.owl","8052.333333333333","ELK"
"ore_ont_9663.owl","11242.0","ELK"
"ore_ont_5604.owl","813.0","ELK"
"ore_ont_6067.owl","875.3333333333334","ELK"
"ore_ont_13708.owl","2673.6666666666665","ELK"
"ore_ont_16056.owl","980.0","ELK"
"ore_ont_15950.owl","966.6666666666666","ELK"
"ore_ont_703.owl","782.3333333333334","ELK"
"ore_ont_7188.owl","1441.6666666666667","ELK"
"ore_ont_1555.owl","1580.3333333333333","ELK"
"ore_ont_13954.owl","909.6666666666666","ELK"
"ore_ont_13526.owl","906.6666666666666","ELK"
"ore_ont_2266.owl","853.0","ELK"
"ore_ont_10517.owl","1192.6666666666667","ELK"
"ore_ont_15249.owl","3190.0","ELK"
"ore_ont_10389.owl","1425.0","ELK"
"ore_ont_13799.owl","712.3333333333334","ELK"
"ore_ont_2105.owl","1644.3333333333333","ELK"
"ore_ont_1211.owl","998.6666666666666","ELK"
"ore_ont_9709.owl","603.6666666666666","ELK"
"ore_ont_6800.owl","1746.0","ELK"
"ore_ont_8671.owl","7707.333333333333","ELK"
"ore_ont_13928.owl","6419.666666666667","ELK"
"ore_ont_5894.owl","1410.6666666666667","ELK"
"ore_ont_12584.owl","661.6666666666666","ELK"
"ore_ont_14551.owl","1567.3333333333333","ELK"
"ore_ont_6635.owl","620.3333333333334","ELK"
"ore_ont_8844.owl","1863.0","ELK"
"ore_ont_1199.owl","8394.0","ELK"
"ore_ont_11378.owl","3962.0","ELK"
"ore_ont_3852.owl","688.3333333333334","ELK"
"ore_ont_6589.owl","690.6666666666666","ELK"
"ore_ont_2497.owl","1876.3333333333333","ELK"
"ore_ont_10672.owl","1488.3333333333333","ELK"
"ore_ont_14593.owl","1511.3333333333333","ELK"
"ore_ont_13306.owl","584.6666666666666","ELK"
"ore_ont_11053.owl","2424.6666666666665","ELK"
"ore_ont_12955.owl","892.6666666666666","ELK"
"ore_ont_14255.owl","1526.6666666666667","ELK"
"ore_ont_7111.owl","4427.666666666667","ELK"
"ore_ont_9881.owl","1256.6666666666667","ELK"
"ore_ont_868.owl","30116.333333333332","ELK"
"ore_ont_16617.owl","1542.6666666666667","ELK"
"ore_ont_7944.owl","1718.3333333333333","ELK"
"ore_ont_264.owl","1463.0","ELK"
"ore_ont_14407.owl","1750.3333333333333","ELK"
"ore_ont_6910.owl","3257.3333333333335","ELK"
"ore_ont_14066.owl","1359.3333333333333","ELK"
"ore_ont_5760.owl","4466.333333333333","ELK"
"ore_ont_7234.owl","2021.3333333333333","ELK"
"ore_ont_12948.owl","622.6666666666666","ELK"
"ore_ont_13643.owl","606.6666666666666","ELK"
"ore_ont_4279.owl","1132.0","ELK"
"ore_ont_11577.owl","695.3333333333334","ELK"
"ore_ont_16286.owl","36539.0","ELK"
"ore_ont_10833.owl","699.3333333333334","ELK"
"ore_ont_5089.owl","682.3333333333334","ELK"
"ore_ont_5721.owl","938.0","ELK"
"ore_ont_10380.owl","13291.333333333334","ELK"
"ore_ont_13153.owl","1327.6666666666667","ELK"
"ore_ont_8982.owl","7518.0","ELK"
"ore_ont_5107.owl","614.3333333333334","ELK"
"ore_ont_12101.owl","608.0","ELK"
"ore_ont_1478.owl","1033.0","ELK"
"ore_ont_15536.owl","1441.0","ELK"
"ore_ont_13991.owl","1381.0","ELK"
"ore_ont_5566.owl","7557.666666666667","ELK"
"ore_ont_14776.owl","2378.6666666666665","ELK"
"ore_ont_15557.owl","5177.0","ELK"
"ore_ont_1767.owl","2150.3333333333335","ELK"
"ore_ont_2142.owl","2137.6666666666665","ELK"
"ore_ont_1306.owl","6462.333333333333","ELK"
"ore_ont_14040.owl","1087.0","ELK"
"ore_ont_1065.owl","1293.6666666666667","ELK"
"ore_ont_2020.owl","2172.0","ELK"
"ore_ont_8492.owl","1350.0","ELK"
"ore_ont_2229.owl","631.3333333333334","ELK"
"ore_ont_9857.owl","944.6666666666666","ELK"
"ore_ont_10275.owl","1565.6666666666667","ELK"
"ore_ont_11392.owl","636.0","ELK"
"ore_ont_9886.owl","4666.333333333333","ELK"
"ore_ont_4775.owl","1033.0","ELK"
"ore_ont_16610.owl","1200.3333333333333","ELK"
"ore_ont_4856.owl","602.6666666666666","ELK"
"ore_ont_9941.owl","600.3333333333334","ELK"
"ore_ont_5755.owl","4674.666666666667","ELK"
"ore_ont_14896.owl","1845.0","ELK"
"ore_ont_8175.owl","1174.6666666666667","ELK"
"ore_ont_9534.owl","1509.3333333333333","ELK"
"ore_ont_7007.owl","1059.0","ELK"
"ore_ont_5695.owl","932.0","ELK"
"ore_ont_6226.owl","1111.6666666666667","ELK"
"ore_ont_9816.owl","3164.6666666666665","ELK"
"ore_ont_6751.owl","1470.6666666666667","ELK"
"ore_ont_637.owl","759.3333333333334","ELK"
"ore_ont_6260.owl","683.3333333333334","ELK"
"ore_ont_4205.owl","9795.666666666666","ELK"
"ore_ont_10860.owl","984.3333333333334","ELK"
"ore_ont_13811.owl","1595.6666666666667","ELK"
"ore_ont_6338.owl","658.6666666666666","ELK"
"ore_ont_1062.owl","1861.3333333333333","ELK"
"ore_ont_13949.owl","1970.6666666666667","ELK"
"ore_ont_1967.owl","592.0","ELK"
"ore_ont_3771.owl","984.3333333333334","ELK"
"ore_ont_2082.owl","7080.333333333333","ELK"
"ore_ont_12906.owl","581.0","ELK"
"ore_ont_3504.owl","628.6666666666666","ELK"
"ore_ont_7868.owl","7887.0","ELK"
"ore_ont_15635.owl","3991.3333333333335","ELK"
"ore_ont_5197.owl","1190.0","ELK"
"ore_ont_253.owl","1354.3333333333333","ELK"
"ore_ont_13880.owl","697.3333333333334","ELK"
"ore_ont_11564.owl","1503.3333333333333","ELK"
"ore_ont_12174.owl","1156.6666666666667","ELK"
"ore_ont_7743.owl","1315.3333333333333","ELK"
"ore_ont_10621.owl","7899.333333333333","ELK"
"ore_ont_14365.owl","2555.3333333333335","ELK"
"ore_ont_3503.owl","1161.3333333333333","ELK"
"ore_ont_5149.owl","841.0","ELK"
"ore_ont_10008.owl","4258.0","ELK"
"ore_ont_1340.owl","1456.6666666666667","ELK"
"ore_ont_14861.owl","8214.666666666666","ELK"
"ore_ont_714.owl","630.3333333333334","ELK"
"ore_ont_6896.owl","7323.666666666667","ELK"
"ore_ont_15737.owl","747.0","ELK"
"ore_ont_14388.owl","919.6666666666666","ELK"
"ore_ont_8286.owl","1632.3333333333333","ELK"
"ore_ont_6722.owl","6635.333333333333","ELK"
"ore_ont_4796.owl","1082.0","ELK"
"ore_ont_7482.owl","562.6666666666666","ELK"
"ore_ont_14601.owl","1601.6666666666667","ELK"
"ore_ont_7275.owl","1344.6666666666667","ELK"
"ore_ont_7730.owl","841.3333333333334","ELK"
"ore_ont_4182.owl","1343.6666666666667","ELK"
"ore_ont_8712.owl","1905.3333333333333","ELK"
"ore_ont_9382.owl","1466.0","ELK"
"ore_ont_14840.owl","895.3333333333334","ELK"
"ore_ont_10806.owl","1525.3333333333333","ELK"
"ore_ont_12486.owl","2161.6666666666665","ELK"
"ore_ont_795.owl","6299.0","ELK"
"ore_ont_15917.owl","1586.6666666666667","ELK"
"ore_ont_7668.owl","819.0","ELK"
"ore_ont_2557.owl","644.3333333333334","ELK"
"ore_ont_12836.owl","755.3333333333334","ELK"
"ore_ont_15576.owl","637.0","ELK"
"ore_ont_6433.owl","1809.3333333333333","ELK"
"ore_ont_12141.owl","943.0","ELK"
"ore_ont_11085.owl","92970.66666666667","ELK"
"ore_ont_10006.owl","4474.666666666667","ELK"
"ore_ont_13077.owl","707.0","ELK"
"ore_ont_13113.owl","1160.6666666666667","ELK"
"ore_ont_16315.owl","4807.0","ELK"
"ore_ont_9590.owl","1759.0","ELK"
"ore_ont_9791.owl","10247.333333333334","ELK"
"ore_ont_1017.owl","862.0","ELK"
"ore_ont_2195.owl","784.0","ELK"
"ore_ont_2303.owl","782.6666666666666","ELK"
"ore_ont_12382.owl","807.0","ELK"
"ore_ont_1430.owl","704.6666666666666","ELK"
"ore_ont_14273.owl","638.3333333333334","ELK"
"ore_ont_11866.owl","629.0","ELK"
"ore_ont_10254.owl","1660.6666666666667","ELK"
"ore_ont_2377.owl","1154.0","ELK"
"ore_ont_2646.owl","900.0","ELK"
"ore_ont_6608.owl","3067.3333333333335","ELK"
"ore_ont_3156.owl","922.6666666666666","ELK"
"ore_ont_1603.owl","1165.6666666666667","ELK"
"ore_ont_7778.owl","1222.3333333333333","ELK"
"ore_ont_6060.owl","1896.0","ELK"
"ore_ont_9154.owl","741.3333333333334","ELK"
"ore_ont_13219.owl","556.6666666666666","ELK"
"ore_ont_8445.owl","1720.6666666666667","ELK"
"ore_ont_9947.owl","980.0","ELK"
"ore_ont_7537.owl","1804.0","ELK"
"ore_ont_2556.owl","733.0","ELK"
"ore_ont_15846.owl","8097.0","ELK"
"ore_ont_7389.owl","917.3333333333334","ELK"
"ore_ont_2440.owl","1091.0","ELK"
"ore_ont_13430.owl","1706.6666666666667","ELK"
"ore_ont_11989.owl","1488.6666666666667","ELK"
"ore_ont_12270.owl","1054.3333333333333","ELK"
"ore_ont_7246.owl","23456.666666666668","ELK"
"ore_ont_8135.owl","818.6666666666666","ELK"
"ore_ont_7576.owl","709.3333333333334","ELK"
"ore_ont_6266.owl","1483.0","ELK"
"ore_ont_9462.owl","625.6666666666666","ELK"
"ore_ont_13243.owl","3994.3333333333335","ELK"
"ore_ont_4382.owl","696.6666666666666","ELK"
"ore_ont_5927.owl","6792.666666666667","ELK"
"ore_ont_4315.owl","736.3333333333334","ELK"
"ore_ont_10588.owl","1495.3333333333333","ELK"
"ore_ont_12831.owl","771.0","ELK"
"ore_ont_7483.owl","856.6666666666666","ELK"
"ore_ont_6981.owl","696.6666666666666","ELK"
"ore_ont_8141.owl","936.3333333333334","ELK"
"ore_ont_2989.owl","687.3333333333334","ELK"
"ore_ont_8470.owl","2798.0","ELK"
"ore_ont_4616.owl","2461.0","ELK"
"ore_ont_11719.owl","835.6666666666666","ELK"
"ore_ont_3936.owl","630.6666666666666","ELK"
"ore_ont_12043.owl","1480.0","ELK"
"ore_ont_2950.owl","721.3333333333334","ELK"
"ore_ont_8399.owl","901.0","ELK"
"ore_ont_9600.owl","607.6666666666666","ELK"
"ore_ont_572.owl","1091.6666666666667","ELK"
"ore_ont_6423.owl","1286.3333333333333","ELK"
"ore_ont_5206.owl","704.6666666666666","ELK"
"ore_ont_5090.owl","624.3333333333334","ELK"
"ore_ont_6817.owl","1082.6666666666667","ELK"
"ore_ont_4260.owl","1431.0","ELK"
"ore_ont_9646.owl","1048.0","ELK"
"ore_ont_16565.owl","1481.3333333333333","ELK"
"ore_ont_12284.owl","2040.3333333333333","ELK"
"ore_ont_4609.owl","1164.3333333333333","ELK"
"ore_ont_630.owl","798.6666666666666","ELK"
"ore_ont_1310.owl","2805.0","ELK"
"ore_ont_12208.owl","5024.666666666667","ELK"
"ore_ont_1902.owl","680.6666666666666","ELK"
"ore_ont_3515.owl","930.0","ELK"
"ore_ont_16777.owl","687.6666666666666","ELK"
"ore_ont_2817.owl","1482.6666666666667","ELK"
"ore_ont_3783.owl","914.3333333333334","ELK"
"ore_ont_2486.owl","12471.333333333334","ELK"
"ore_ont_3843.owl","789.6666666666666","ELK"
"ore_ont_3100.owl","8007.666666666667","ELK"
"ore_ont_2036.owl","610.0","ELK"
"ore_ont_3892.owl","819.6666666666666","ELK"
"ore_ont_2656.owl","1691.3333333333333","ELK"
"ore_ont_13647.owl","6994.333333333333","ELK"
"ore_ont_1938.owl","9352.666666666666","ELK"
"ore_ont_11901.owl","681.6666666666666","ELK"
"ore_ont_10445.owl","4367.666666666667","ELK"
"ore_ont_7726.owl","1528.3333333333333","ELK"
"ore_ont_16351.owl","598.3333333333334","ELK"
"ore_ont_509.owl","1364.3333333333333","ELK"
"ore_ont_3566.owl","710.6666666666666","ELK"
"ore_ont_1821.owl","1393.3333333333333","ELK"
"ore_ont_15741.owl","1165.6666666666667","ELK"
"ore_ont_15790.owl","2196.0","ELK"
"ore_ont_16855.owl","670.6666666666666","ELK"
"ore_ont_15695.owl","13890.333333333334","ELK"
"ore_ont_6934.owl","1106.6666666666667","ELK"
"ore_ont_5162.owl","10532.666666666666","ELK"
"ore_ont_12000.owl","1600.0","ELK"
"ore_ont_480.owl","570.0","ELK"
"ore_ont_4193.owl","678.3333333333334","ELK"
"ore_ont_12317.owl","2903.6666666666665","ELK"
"ore_ont_8502.owl","670.6666666666666","ELK"
"ore_ont_13052.owl","2485.3333333333335","ELK"
"ore_ont_9673.owl","1155.0","ELK"
"ore_ont_8595.owl","1378.6666666666667","ELK"
"ore_ont_5943.owl","1830.6666666666667","ELK"
"ore_ont_7926.owl","1607.6666666666667","ELK"
"ore_ont_5730.owl","1971.3333333333333","ELK"
"ore_ont_4875.owl","783.3333333333334","ELK"
"ore_ont_14237.owl","1875.6666666666667","ELK"
"ore_ont_7372.owl","1500.3333333333333","ELK"
"ore_ont_2775.owl","637.3333333333334","ELK"
"ore_ont_2574.owl","6261.333333333333","ELK"
"ore_ont_1461.owl","627.6666666666666","ELK"
"ore_ont_11081.owl","2779.6666666666665","ELK"
"ore_ont_3784.owl","1236.0","ELK"
"ore_ont_14025.owl","4094.3333333333335","ELK"
"ore_ont_2129.owl","1405.0","ELK"
"ore_ont_12325.owl","1327.0","ELK"
"ore_ont_2548.owl","1406.6666666666667","ELK"
"ore_ont_5742.owl","577.6666666666666","ELK"
"ore_ont_1869.owl","702.0","ELK"
"ore_ont_6278.owl","962.3333333333334","ELK"
"ore_ont_13460.owl","1677.0","ELK"
"ore_ont_3560.owl","11764.0","ELK"
"ore_ont_3250.owl","627.0","ELK"
"ore_ont_8779.owl","974.3333333333334","ELK"
"ore_ont_15352.owl","1459.3333333333333","ELK"
"ore_ont_5298.owl","1745.0","ELK"
"ore_ont_15733.owl","3622.3333333333335","ELK"
"ore_ont_3262.owl","1045.3333333333333","ELK"
"ore_ont_11948.owl","1768.3333333333333","ELK"
"ore_ont_15932.owl","1092.3333333333333","ELK"
"ore_ont_16827.owl","575.0","ELK"
"ore_ont_8737.owl","111442.33333333333","ELK"
"ore_ont_8090.owl","1115.6666666666667","ELK"
"ore_ont_258.owl","635.0","ELK"
"ore_ont_8667.owl","581.6666666666666","ELK"
"ore_ont_14258.owl","1704.0","ELK"
"ore_ont_9027.owl","12336.333333333334","ELK"
"ore_ont_11270.owl","8562.333333333334","ELK"
"ore_ont_8387.owl","963.0","ELK"
"ore_ont_8902.owl","1753.0","ELK"
"ore_ont_1579.owl","8794.333333333334","ELK"
"ore_ont_9400.owl","8476.0","ELK"
"ore_ont_4719.owl","824.0","ELK"
"ore_ont_15596.owl","813.3333333333334","ELK"
"ore_ont_8388.owl","3411.0","ELK"
"ore_ont_14766.owl","1846.6666666666667","ELK"
"ore_ont_16033.owl","614.3333333333334","ELK"
"ore_ont_10320.owl","912.3333333333334","ELK"
"ore_ont_7373.owl","728.3333333333334","ELK"
"ore_ont_7831.owl","2120.3333333333335","ELK"
"ore_ont_9020.owl","868.3333333333334","ELK"
"ore_ont_10894.owl","688.0","ELK"
"ore_ont_148.owl","1504.0","ELK"
"ore_ont_3839.owl","1702.3333333333333","ELK"
"ore_ont_6315.owl","4968.0","ELK"
"ore_ont_15985.owl","802.6666666666666","ELK"
"ore_ont_10056.owl","713.0","ELK"
"ore_ont_4510.owl","1339.0","ELK"
"ore_ont_7877.owl","825.3333333333334","ELK"
"ore_ont_2488.owl","914.6666666666666","ELK"
"ore_ont_7803.owl","5352.666666666667","ELK"
"ore_ont_9896.owl","1610.3333333333333","ELK"
"ore_ont_12993.owl","9752.333333333334","ELK"
"ore_ont_13103.owl","3671.0","ELK"
"ore_ont_6417.owl","711.0","ELK"
"ore_ont_12792.owl","3037.0","ELK"
"ore_ont_7567.owl","6600.0","ELK"
"ore_ont_5502.owl","1268.3333333333333","ELK"
"ore_ont_9435.owl","1291.0","ELK"
"ore_ont_8744.owl","1203.6666666666667","ELK"
"ore_ont_2361.owl","6758.0","ELK"
"ore_ont_14396.owl","1043.6666666666667","ELK"
"ore_ont_1793.owl","801.0","ELK"
"ore_ont_10774.owl","1501.0","ELK"
"ore_ont_3281.owl","689.3333333333334","ELK"
"ore_ont_7639.owl","589.3333333333334","ELK"
"ore_ont_11623.owl","1555.0","ELK"
"ore_ont_9053.owl","1787.3333333333333","ELK"
"ore_ont_16829.owl","6596.333333333333","ELK"
"ore_ont_5543.owl","1505.0","ELK"
"ore_ont_7216.owl","1324.0","ELK"
"ore_ont_11293.owl","6204.0","ELK"
"ore_ont_4911.owl","5188.666666666667","ELK"
"ore_ont_8705.owl","1999.3333333333333","ELK"
"ore_ont_8995.owl","2140.3333333333335","ELK"
"ore_ont_5815.owl","2072.0","ELK"
"ore_ont_11115.owl","1037.3333333333333","ELK"
"ore_ont_5241.owl","1226.6666666666667","ELK"
"ore_ont_12776.owl","1204.0","ELK"
"ore_ont_6735.owl","608.6666666666666","ELK"
"ore_ont_947.owl","1542.3333333333333","ELK"
"ore_ont_16730.owl","711.3333333333334","ELK"
"ore_ont_10681.owl","674.0","ELK"
"ore_ont_14101.owl","6351.0","ELK"
"ore_ont_16235.owl","7115.333333333333","ELK"
"ore_ont_13919.owl","1723.0","ELK"
"ore_ont_1357.owl","4389.333333333333","ELK"
"ore_ont_10968.owl","1075.3333333333333","ELK"
"ore_ont_14912.owl","1228.6666666666667","ELK"
"ore_ont_11010.owl","668.0","ELK"
"ore_ont_13897.owl","875.0","ELK"
"ore_ont_4587.owl","1964.3333333333333","ELK"
"ore_ont_13581.owl","843.3333333333334","ELK"
"ore_ont_10752.owl","598.0","ELK"
"ore_ont_10140.owl","6632.0","ELK"
"ore_ont_8730.owl","814.3333333333334","ELK"
"ore_ont_5188.owl","1842.3333333333333","ELK"
"ore_ont_7839.owl","569.6666666666666","ELK"
"ore_ont_1117.owl","1052.6666666666667","ELK"
"ore_ont_670.owl","889.0","ELK"
"ore_ont_8189.owl","727.0","ELK"
"ore_ont_14375.owl","868.6666666666666","ELK"
"ore_ont_3712.owl","1561.6666666666667","ELK"
"ore_ont_5159.owl","677.3333333333334","ELK"
"ore_ont_15575.owl","914.0","ELK"
"ore_ont_7728.owl","5734.666666666667","ELK"
"ore_ont_11133.owl","625.6666666666666","ELK"
"ore_ont_443.owl","1263.3333333333333","ELK"
"ore_ont_10058.owl","1876.6666666666667","ELK"
"ore_ont_778.owl","729.3333333333334","ELK"
"ore_ont_4958.owl","1705.3333333333333","ELK"
"ore_ont_3010.owl","920.6666666666666","ELK"
"ore_ont_14280.owl","1826.6666666666667","ELK"
"ore_ont_14831.owl","578.6666666666666","ELK"
"ore_ont_8937.owl","578.0","ELK"
"ore_ont_3529.owl","1666.6666666666667","ELK"
"ore_ont_12269.owl","1561.6666666666667","ELK"
"ore_ont_360.owl","1239.6666666666667","ELK"
"ore_ont_5544.owl","2845.0","ELK"
"ore_ont_14881.owl","5444.666666666667","ELK"
"ore_ont_11533.owl","653.3333333333334","ELK"
"ore_ont_9012.owl","779.0","ELK"
"ore_ont_7894.owl","784.3333333333334","ELK"
"ore_ont_5324.owl","874.6666666666666","ELK"
"ore_ont_12468.owl","1484.0","ELK"
"ore_ont_1420.owl","573.0","ELK"
"ore_ont_12009.owl","778.6666666666666","ELK"
"ore_ont_8429.owl","1030.0","ELK"
"ore_ont_2243.owl","4490.333333333333","ELK"
"ore_ont_2901.owl","982.0","ELK"
"ore_ont_14134.owl","1485.6666666666667","ELK"
"ore_ont_14508.owl","2258.3333333333335","ELK"
"ore_ont_2313.owl","1245.6666666666667","ELK"
"ore_ont_10016.owl","7041.333333333333","ELK"
"ore_ont_8290.owl","939.0","ELK"
"ore_ont_7174.owl","3553.0","ELK"
"ore_ont_6535.owl","1498.0","ELK"
"ore_ont_8006.owl","1130.3333333333333","ELK"
"ore_ont_6622.owl","1460.3333333333333","ELK"
"ore_ont_1119.owl","1802.3333333333333","ELK"
"ore_ont_4516.owl","771.0","ELK"
"ore_ont_9674.owl","29424.666666666668","ELK"
"ore_ont_2128.owl","1518.6666666666667","ELK"
"ore_ont_236.owl","1618.0","ELK"
"ore_ont_3259.owl","713.6666666666666","ELK"
"ore_ont_9957.owl","959.0","ELK"
"ore_ont_1743.owl","1798.6666666666667","ELK"
"ore_ont_7108.owl","1351.6666666666667","ELK"
"ore_ont_2237.owl","695.6666666666666","ELK"
"ore_ont_15231.owl","790.6666666666666","ELK"
"ore_ont_7569.owl","1872.6666666666667","ELK"
"ore_ont_3561.owl","1268.6666666666667","ELK"
"ore_ont_4054.owl","7646.666666666667","ELK"
"ore_ont_9800.owl","1686.0","ELK"
"ore_ont_6796.owl","651.3333333333334","ELK"
"ore_ont_11929.owl","686.0","ELK"
"ore_ont_10080.owl","1941.3333333333333","ELK"
"ore_ont_7914.owl","7327.666666666667","ELK"
"ore_ont_14901.owl","774.6666666666666","ELK"
"ore_ont_13833.owl","778.3333333333334","ELK"
"ore_ont_13178.owl","1519.0","ELK"
"ore_ont_16626.owl","673.6666666666666","ELK"
"ore_ont_10109.owl","511.0","ELK"
"ore_ont_13852.owl","1515.6666666666667","ELK"
"ore_ont_3671.owl","587.3333333333334","ELK"
"ore_ont_7218.owl","1307.3333333333333","ELK"
"ore_ont_9958.owl","2975.0","ELK"
"ore_ont_13737.owl","673.6666666666666","ELK"
"ore_ont_5539.owl","711.0","ELK"
"ore_ont_2182.owl","833.0","ELK"
"ore_ont_10175.owl","5058.0","ELK"
"ore_ont_1539.owl","1488.6666666666667","ELK"
"ore_ont_15217.owl","650.3333333333334","ELK"
"ore_ont_14486.owl","591.6666666666666","ELK"
"ore_ont_7493.owl","2960.0","ELK"
"ore_ont_9690.owl","763.3333333333334","ELK"
"ore_ont_218.owl","1424.3333333333333","ELK"
"ore_ont_3968.owl","943.6666666666666","ELK"
"ore_ont_2066.owl","714.6666666666666","ELK"
"ore_ont_1222.owl","620.6666666666666","ELK"
"ore_ont_3905.owl","1475.6666666666667","ELK"
"ore_ont_14848.owl","695.0","ELK"
"ore_ont_1493.owl","1400.6666666666667","ELK"
"ore_ont_10594.owl","1821.6666666666667","ELK"
"ore_ont_6020.owl","827.0","ELK"
"ore_ont_5404.owl","744.0","ELK"
"ore_ont_12914.owl","1154.0","ELK"
"ore_ont_12566.owl","828.0","ELK"
"ore_ont_15068.owl","634.6666666666666","ELK"
"ore_ont_4383.owl","1046.0","ELK"
"ore_ont_6833.owl","1946.6666666666667","ELK"
"ore_ont_12281.owl","1008.3333333333334","ELK"
"ore_ont_304.owl","742.3333333333334","ELK"
"ore_ont_5057.owl","851.0","ELK"
"ore_ont_9596.owl","1535.0","ELK"
"ore_ont_4127.owl","2207.6666666666665","ELK"
"ore_ont_15098.owl","936.6666666666666","ELK"
"ore_ont_14543.owl","5644.666666666667","ELK"
"ore_ont_14931.owl","626.6666666666666","ELK"
"ore_ont_3545.owl","879.0","ELK"
"ore_ont_5679.owl","638.0","ELK"
"ore_ont_15475.owl","1546.6666666666667","ELK"
"ore_ont_14351.owl","1399.6666666666667","ELK"
"ore_ont_3795.owl","1917.6666666666667","ELK"
"ore_ont_2672.owl","786.3333333333334","ELK"
"ore_ont_9689.owl","718.0","ELK"
"ore_ont_5218.owl","13383.333333333334","ELK"
"ore_ont_2213.owl","1503.6666666666667","ELK"
"ore_ont_2012.owl","633.0","ELK"
"ore_ont_7073.owl","636.6666666666666","ELK"
"ore_ont_16462.owl","10519.0","ELK"
"ore_ont_8631.owl","1069.3333333333333","ELK"
"ore_ont_4166.owl","2123.3333333333335","ELK"
"ore_ont_9540.owl","737.3333333333334","ELK"
"ore_ont_11131.owl","1104.6666666666667","ELK"
"ore_ont_8250.owl","963.6666666666666","ELK"
"ore_ont_13112.owl","767.6666666666666","ELK"
"ore_ont_12191.owl","4036.0","ELK"
"ore_ont_7364.owl","1040.6666666666667","ELK"
"ore_ont_2848.owl","1772.3333333333333","ELK"
"ore_ont_11647.owl","1073.0","ELK"
"ore_ont_4610.owl","1252.6666666666667","ELK"
"ore_ont_14936.owl","917.0","ELK"
"ore_ont_10407.owl","584.6666666666666","ELK"
"ore_ont_1016.owl","1554.3333333333333","ELK"
"ore_ont_4598.owl","9738.0","ELK"
"ore_ont_15013.owl","1482.3333333333333","ELK"
"ore_ont_1445.owl","878.0","ELK"
"ore_ont_14272.owl","1005.6666666666666","ELK"
"ore_ont_16197.owl","625.3333333333334","ELK"
"ore_ont_7578.owl","11089.333333333334","ELK"
"ore_ont_12676.owl","2102.6666666666665","ELK"
"ore_ont_7995.owl","727.0","ELK"
"ore_ont_13941.owl","1510.3333333333333","ELK"
"ore_ont_802.owl","874.0","ELK"
"ore_ont_5602.owl","3636.3333333333335","ELK"
"ore_ont_12405.owl","1241.3333333333333","ELK"
"ore_ont_580.owl","555.3333333333334","ELK"
"ore_ont_12039.owl","1519.0","ELK"
"ore_ont_4313.owl","775.0","ELK"
"ore_ont_16680.owl","5290.333333333333","ELK"
"ore_ont_6446.owl","896.3333333333334","ELK"
"ore_ont_9204.owl","686.3333333333334","ELK"
"ore_ont_5263.owl","697.6666666666666","ELK"
"ore_ont_10580.owl","752.6666666666666","ELK"
"ore_ont_3274.owl","8095.666666666667","ELK"
"ore_ont_16642.owl","1826.3333333333333","ELK"
"ore_ont_10697.owl","2046.6666666666667","ELK"
"ore_ont_8019.owl","1148.0","ELK"
"ore_ont_7828.owl","1108.0","ELK"
"ore_ont_14860.owl","1260.3333333333333","ELK"
"ore_ont_3414.owl","5139.333333333333","ELK"
"ore_ont_13444.owl","1039.3333333333333","ELK"
"ore_ont_11675.owl","1413.3333333333333","ELK"
"ore_ont_15882.owl","670.3333333333334","ELK"
"ore_ont_13857.owl","1502.0","ELK"
"ore_ont_6212.owl","19390.333333333332","ELK"
"ore_ont_7820.owl","776.6666666666666","ELK"
"ore_ont_1728.owl","800.6666666666666","ELK"
"ore_ont_6765.owl","1509.6666666666667","ELK"
"ore_ont_9864.owl","938.6666666666666","ELK"
"ore_ont_11298.owl","1106.3333333333333","ELK"
"ore_ont_9617.owl","897.6666666666666","ELK"
"ore_ont_954.owl","11120.0","ELK"
"ore_ont_10362.owl","714.3333333333334","ELK"
"ore_ont_13772.owl","718.6666666666666","ELK"
"ore_ont_5492.owl","1700.3333333333333","ELK"
"ore_ont_15612.owl","1562.6666666666667","ELK"
"ore_ont_2378.owl","884.0","ELK"
"ore_ont_2719.owl","2075.6666666666665","ELK"
"ore_ont_15273.owl","707.0","ELK"
"ore_ont_2228.owl","648.3333333333334","ELK"
"ore_ont_12219.owl","1538.0","ELK"
"ore_ont_11685.owl","974.6666666666666","ELK"
"ore_ont_12397.owl","925.0","ELK"
"ore_ont_16289.owl","687.6666666666666","ELK"
"ore_ont_16076.owl","628.3333333333334","ELK"
"ore_ont_191.owl","4939.666666666667","ELK"
"ore_ont_9772.owl","1169.0","ELK"
"ore_ont_13106.owl","2627.6666666666665","ELK"
"ore_ont_3357.owl","1801.3333333333333","ELK"
"ore_ont_1870.owl","1508.6666666666667","ELK"
"ore_ont_3241.owl","1683.3333333333333","ELK"
"ore_ont_16017.owl","1783.0","ELK"
"ore_ont_11125.owl","667.3333333333334","ELK"
"ore_ont_14742.owl","15415.666666666666","ELK"
"ore_ont_1397.owl","927.3333333333334","ELK"
"ore_ont_14499.owl","1242.3333333333333","ELK"
"ore_ont_12528.owl","12397.0","ELK"
"ore_ont_5289.owl","6643.0","ELK"
"ore_ont_3592.owl","645.6666666666666","ELK"
"ore_ont_5438.owl","2582.0","ELK"
"ore_ont_3931.owl","1062.3333333333333","ELK"
"ore_ont_12203.owl","3083.6666666666665","ELK"
"ore_ont_15331.owl","572.6666666666666","ELK"
"ore_ont_11316.owl","1087.3333333333333","ELK"
"ore_ont_1346.owl","976.6666666666666","ELK"
"ore_ont_4410.owl","1625.6666666666667","ELK"
"ore_ont_524.owl","1030.0","ELK"
"ore_ont_8280.owl","692.6666666666666","ELK"
"ore_ont_1059.owl","5634.333333333333","ELK"
"ore_ont_6102.owl","1178.6666666666667","ELK"
"ore_ont_8396.owl","905.6666666666666","ELK"
"ore_ont_10930.owl","3481.6666666666665","ELK"
"ore_ont_3978.owl","925.6666666666666","ELK"
"ore_ont_9031.owl","643.6666666666666","ELK"
"ore_ont_9972.owl","1468.3333333333333","ELK"
"ore_ont_316.owl","987.0","ELK"
"ore_ont_5398.owl","1794.6666666666667","ELK"
"ore_ont_15344.owl","2098.6666666666665","ELK"
"ore_ont_3794.owl","7058.0","ELK"
"ore_ont_15725.owl","1170.0","ELK"
"ore_ont_16630.owl","631.6666666666666","ELK"
"ore_ont_15260.owl","1996.0","ELK"
"ore_ont_6378.owl","658.6666666666666","ELK"
"ore_ont_3381.owl","1686.3333333333333","ELK"
"ore_ont_1172.owl","709.3333333333334","ELK"
"ore_ont_13859.owl","752.0","ELK"
"ore_ont_11484.owl","1322.3333333333333","ELK"
"ore_ont_2874.owl","8916.666666666666","ELK"
"ore_ont_544.owl","1003.3333333333334","ELK"
"ore_ont_2491.owl","1791.3333333333333","ELK"
"ore_ont_16670.owl","673.6666666666666","ELK"
"ore_ont_11827.owl","6754.0","ELK"
"ore_ont_13700.owl","1415.6666666666667","ELK"
"ore_ont_7993.owl","4082.0","ELK"
"ore_ont_13664.owl","2537.3333333333335","ELK"
"ore_ont_4662.owl","2026.3333333333333","ELK"
"ore_ont_8755.owl","1552.6666666666667","ELK"
"ore_ont_4732.owl","1535.0","ELK"
"ore_ont_7180.owl","1424.0","ELK"
"ore_ont_15413.owl","912.3333333333334","ELK"
"ore_ont_14380.owl","3184.6666666666665","ELK"
"ore_ont_13129.owl","701.3333333333334","ELK"
"ore_ont_1966.owl","5357.666666666667","ELK"
"ore_ont_2496.owl","994.0","ELK"
"ore_ont_11745.owl","11212.0","ELK"
"ore_ont_11452.owl","1467.0","ELK"
"ore_ont_10776.owl","990.0","ELK"
"ore_ont_14981.owl","939.6666666666666","ELK"
"ore_ont_2608.owl","739.6666666666666","ELK"
"ore_ont_894.owl","1043.3333333333333","ELK"
"ore_ont_5753.owl","2794.0","ELK"
"ore_ont_6835.owl","1229.3333333333333","ELK"
"ore_ont_15993.owl","459.3333333333333","ELK"
"ore_ont_11305.owl","1077.3333333333333","ELK"
"ore_ont_5080.owl","1034.3333333333333","ELK"
"ore_ont_8050.owl","809.6666666666666","ELK"
"ore_ont_7455.owl","4642.666666666667","ELK"
"ore_ont_725.owl","938.6666666666666","ELK"
"ore_ont_13242.owl","11575.0","ELK"
"ore_ont_15297.owl","1391.0","ELK"
"ore_ont_11389.owl","4414.333333333333","ELK"
"ore_ont_4487.owl","3858.3333333333335","ELK"
"ore_ont_14370.owl","731.3333333333334","ELK"
"ore_ont_8347.owl","1570.6666666666667","ELK"
"ore_ont_9598.owl","940.0","ELK"
"ore_ont_5258.owl","691.6666666666666","ELK"
"ore_ont_2253.owl","3910.0","ELK"
"ore_ont_1954.owl","1592.3333333333333","ELK"
"ore_ont_1526.owl","571.6666666666666","ELK"
"ore_ont_2632.owl","4625.333333333333","ELK"
"ore_ont_3164.owl","2625.6666666666665","ELK"
"ore_ont_9002.owl","690.6666666666666","ELK"
"ore_ont_10537.owl","684.3333333333334","ELK"
"ore_ont_16321.owl","746.0","ELK"
"ore_ont_13680.owl","686.6666666666666","ELK"
"ore_ont_9662.owl","1203.6666666666667","ELK"
"ore_ont_10032.owl","5211.333333333333","ELK"
"ore_ont_4733.owl","1640.6666666666667","ELK"
"ore_ont_16457.owl","3480.3333333333335","ELK"
"ore_ont_7776.owl","902.6666666666666","ELK"
"ore_ont_8335.owl","647.6666666666666","ELK"
"ore_ont_3884.owl","802.3333333333334","ELK"
"ore_ont_9998.owl","1506.3333333333333","ELK"
"ore_ont_11559.owl","3355.0","ELK"
"ore_ont_1784.owl","850.3333333333334","ELK"
"ore_ont_10516.owl","709.6666666666666","ELK"
"ore_ont_9509.owl","587.0","ELK"
"ore_ont_8148.owl","2738.6666666666665","ELK"
"ore_ont_15407.owl","912.3333333333334","ELK"
"ore_ont_11519.owl","7048.0","ELK"
"ore_ont_5983.owl","1085.0","ELK"
"ore_ont_4617.owl","4004.0","ELK"
"ore_ont_11282.owl","2334.6666666666665","ELK"
"ore_ont_6951.owl","945.6666666666666","ELK"
"ore_ont_5141.owl","10171.0","ELK"
"ore_ont_10413.owl","640.0","ELK"
"ore_ont_6847.owl","1844.0","ELK"
"ore_ont_14452.owl","1470.3333333333333","ELK"
"ore_ont_7938.owl","944.0","ELK"
"ore_ont_2302.owl","5988.666666666667","ELK"
"ore_ont_9037.owl","1522.3333333333333","ELK"
"ore_ont_9790.owl","1207.3333333333333","ELK"
"ore_ont_11522.owl","718.0","ELK"
"ore_ont_15461.owl","624.3333333333334","ELK"
"ore_ont_13277.owl","608.0","ELK"
"ore_ont_12087.owl","8094.666666666667","ELK"
"ore_ont_4423.owl","1996.6666666666667","ELK"
"ore_ont_7536.owl","2732.0","ELK"
"ore_ont_15652.owl","766.0","ELK"
"ore_ont_14012.owl","5203.0","ELK"
"ore_ont_2338.owl","754.3333333333334","ELK"
"ore_ont_7356.owl","1277.0","ELK"
"ore_ont_9422.owl","635.6666666666666","ELK"
"ore_ont_16822.owl","1749.0","ELK"
"ore_ont_6696.owl","853.6666666666666","ELK"
"ore_ont_1494.owl","750.0","ELK"
"ore_ont_269.owl","2503.0","ELK"
"ore_ont_3737.owl","4973.333333333333","ELK"
"ore_ont_399.owl","1785.3333333333333","ELK"
"ore_ont_12360.owl","627.3333333333334","ELK"
"ore_ont_14412.owl","641.6666666666666","ELK"
"ore_ont_9122.owl","1012.6666666666666","ELK"
"ore_ont_8911.owl","1208.3333333333333","ELK"
"ore_ont_9413.owl","7014.0","ELK"
"ore_ont_7610.owl","1084.6666666666667","ELK"
"ore_ont_16461.owl","623.3333333333334","ELK"
"ore_ont_6892.owl","1533.6666666666667","ELK"
"ore_ont_586.owl","801.6666666666666","ELK"
"ore_ont_6146.owl","1439.3333333333333","ELK"
"ore_ont_8475.owl","16380.0","ELK"
"ore_ont_1082.owl","3872.0","ELK"
"ore_ont_6108.owl","5271.333333333333","ELK"
"ore_ont_1840.owl","4055.0","ELK"
"ore_ont_15010.owl","758.6666666666666","ELK"
"ore_ont_16105.owl","1821.0","ELK"
"ore_ont_14355.owl","3849.0","ELK"
"ore_ont_15803.owl","19062.333333333332","ELK"
"ore_ont_3313.owl","882.3333333333334","ELK"
"ore_ont_16283.owl","3034.0","ELK"
"ore_ont_10952.owl","1340.6666666666667","ELK"
"ore_ont_2783.owl","1495.6666666666667","ELK"
"ore_ont_3292.owl","707.0","ELK"
"ore_ont_8068.owl","6592.0","ELK"
"ore_ont_507.owl","1103.6666666666667","ELK"
"ore_ont_3205.owl","609.6666666666666","ELK"
"ore_ont_13530.owl","639.0","ELK"
"ore_ont_13035.owl","910.6666666666666","ELK"
"ore_ont_10019.owl","612.6666666666666","ELK"
"ore_ont_16124.owl","1514.3333333333333","ELK"
"ore_ont_15108.owl","1023.0","ELK"
"ore_ont_15450.owl","1494.0","ELK"
"ore_ont_9666.owl","632.6666666666666","ELK"
"ore_ont_11149.owl","726.6666666666666","ELK"
"ore_ont_13082.owl","1306.6666666666667","ELK"
"ore_ont_9739.owl","3718.3333333333335","ELK"
"ore_ont_11411.owl","1276.6666666666667","ELK"
"ore_ont_16255.owl","1000.0","ELK"
"ore_ont_15224.owl","1374.6666666666667","ELK"
"ore_ont_15583.owl","1054.0","ELK"
"ore_ont_1756.owl","776.0","ELK"
"ore_ont_3003.owl","1058.3333333333333","ELK"
"ore_ont_11198.owl","3843.6666666666665","ELK"
"ore_ont_6065.owl","1591.6666666666667","ELK"
"ore_ont_4855.owl","578.6666666666666","ELK"
"ore_ont_8641.owl","1392.3333333333333","ELK"
"ore_ont_7532.owl","1273.0","ELK"
"ore_ont_8021.owl","860.3333333333334","ELK"
"ore_ont_10309.owl","543.3333333333334","ELK"
"ore_ont_10230.owl","834.0","ELK"
"ore_ont_16542.owl","1928.0","ELK"
"ore_ont_4503.owl","1540.0","ELK"
"ore_ont_3238.owl","1495.3333333333333","ELK"
"ore_ont_33.owl","1546.6666666666667","ELK"
"ore_ont_6566.owl","961.3333333333334","ELK"
"ore_ont_766.owl","889.3333333333334","ELK"
"ore_ont_3508.owl","4539.666666666667","ELK"
"ore_ont_4233.owl","6256.0","ELK"
"ore_ont_6983.owl","912.6666666666666","ELK"
"ore_ont_7416.owl","5051.0","ELK"
"ore_ont_307.owl","1342.0","ELK"
"ore_ont_10270.owl","1517.3333333333333","ELK"
"ore_ont_11554.owl","860.0","ELK"
"ore_ont_9794.owl","5957.0","ELK"
"ore_ont_13413.owl","1059.6666666666667","ELK"
"ore_ont_13964.owl","2043.3333333333333","ELK"
"ore_ont_1672.owl","1398.3333333333333","ELK"
"ore_ont_1473.owl","957.3333333333334","ELK"
"ore_ont_6478.owl","3795.0","ELK"
"ore_ont_8989.owl","941.6666666666666","ELK"
"ore_ont_4903.owl","1460.6666666666667","ELK"
"ore_ont_15160.owl","673.0","ELK"
"ore_ont_15059.owl","20182.666666666668","ELK"
"ore_ont_8226.owl","656.6666666666666","ELK"
"ore_ont_9944.owl","3061.0","ELK"
"ore_ont_14341.owl","811.6666666666666","ELK"
"ore_ont_950.owl","935.0","ELK"
"ore_ont_4187.owl","3285.0","ELK"
"ore_ont_16414.owl","3780.3333333333335","ELK"
"ore_ont_10906.owl","735.6666666666666","ELK"
"ore_ont_5781.owl","4149.333333333333","ELK"
"ore_ont_9240.owl","1035.3333333333333","ELK"
"ore_ont_1559.owl","20664.333333333332","ELK"
"ore_ont_13000.owl","1407.0","ELK"
"ore_ont_9119.owl","2028.3333333333333","ELK"
"ore_ont_8759.owl","1264.6666666666667","ELK"
"ore_ont_9318.owl","2479.3333333333335","ELK"
"ore_ont_16303.owl","1672.6666666666667","ELK"
"ore_ont_15372.owl","1654.6666666666667","ELK"
"ore_ont_3816.owl","1353.6666666666667","ELK"
"ore_ont_9299.owl","1686.3333333333333","ELK"
"ore_ont_11126.owl","2037.0","ELK"
"ore_ont_7418.owl","749.6666666666666","ELK"
"ore_ont_6258.owl","897.0","ELK"
"ore_ont_2526.owl","814.6666666666666","ELK"
"ore_ont_7079.owl","1777.0","ELK"
"ore_ont_13336.owl","1564.6666666666667","ELK"
"ore_ont_16847.owl","968.0","ELK"
"ore_ont_2397.owl","2912.3333333333335","ELK"
"ore_ont_955.owl","15778.0","ELK"
"ore_ont_7270.owl","658.6666666666666","ELK"
"ore_ont_12012.owl","5810.333333333333","ELK"
"ore_ont_4235.owl","2034.3333333333333","ELK"
"ore_ont_10326.owl","1302.6666666666667","ELK"
"ore_ont_3231.owl","943.6666666666666","ELK"
"ore_ont_14367.owl","1651.6666666666667","ELK"
"ore_ont_15280.owl","9268.333333333334","ELK"
"ore_ont_11464.owl","10443.0","ELK"
"ore_ont_7823.owl","1781.6666666666667","ELK"
"ore_ont_14128.owl","674.0","ELK"
"ore_ont_8142.owl","1152.6666666666667","ELK"
"ore_ont_14175.owl","806.3333333333334","ELK"
"ore_ont_12474.owl","1618.3333333333333","ELK"
"ore_ont_9867.owl","625.3333333333334","ELK"
"ore_ont_7327.owl","1280.0","ELK"
"ore_ont_15167.owl","695.3333333333334","ELK"
"ore_ont_6223.owl","9729.0","ELK"
"ore_ont_8640.owl","1313.3333333333333","ELK"
"ore_ont_6134.owl","1479.0","ELK"
"ore_ont_12723.owl","1340.0","ELK"
"ore_ont_3463.owl","629.3333333333334","ELK"
"ore_ont_1370.owl","8889.0","ELK"
"ore_ont_15871.owl","1035.3333333333333","ELK"
"ore_ont_16800.owl","1883.0","ELK"
"ore_ont_1517.owl","1599.3333333333333","ELK"
"ore_ont_12653.owl","669.6666666666666","ELK"
"ore_ont_1646.owl","1006.3333333333334","ELK"
"ore_ont_2063.owl","818.3333333333334","ELK"
"ore_ont_12936.owl","1965.6666666666667","ELK"
"ore_ont_13359.owl","3782.3333333333335","ELK"
"ore_ont_7858.owl","2161.6666666666665","ELK"
"ore_ont_9186.owl","1672.3333333333333","ELK"
"ore_ont_12957.owl","626.0","ELK"
"ore_ont_13704.owl","665.3333333333334","ELK"
"ore_ont_5965.owl","1720.6666666666667","ELK"
"ore_ont_7204.owl","3086.3333333333335","ELK"
"ore_ont_14286.owl","1565.3333333333333","ELK"
"ore_ont_12253.owl","811.3333333333334","ELK"
"ore_ont_5475.owl","6135.333333333333","ELK"
"ore_ont_5303.owl","722.6666666666666","ELK"
"ore_ont_5841.owl","1848.0","ELK"
"ore_ont_13220.owl","3668.0","ELK"
"ore_ont_3270.owl","731.3333333333334","ELK"
"ore_ont_14312.owl","3939.0","ELK"
"ore_ont_5849.owl","5255.333333333333","ELK"
"ore_ont_15133.owl","7176.666666666667","ELK"
"ore_ont_10754.owl","1621.3333333333333","ELK"
"ore_ont_16750.owl","875.3333333333334","ELK"
"ore_ont_7278.owl","855.6666666666666","ELK"
"ore_ont_10908.owl","1108.6666666666667","ELK"
"ore_ont_2678.owl","759.0","ELK"
"ore_ont_15623.owl","1615.3333333333333","ELK"
"ore_ont_11889.owl","904.0","ELK"
"ore_ont_8634.owl","3821.3333333333335","ELK"
"ore_ont_16853.owl","2264.3333333333335","ELK"
"ore_ont_4936.owl","725.3333333333334","ELK"
"ore_ont_11016.owl","865.0","ELK"
"ore_ont_1958.owl","1049.6666666666667","ELK"
"ore_ont_11572.owl","838.3333333333334","ELK"
"ore_ont_13646.owl","1041.3333333333333","ELK"
"ore_ont_12698.owl","2956.6666666666665","ELK"
"ore_ont_1342.owl","731.6666666666666","ELK"
"ore_ont_2720.owl","814.3333333333334","ELK"
"ore_ont_9668.owl","1582.0","ELK"
"ore_ont_2604.owl","1552.6666666666667","ELK"
"ore_ont_14042.owl","23119.333333333332","ELK"
"ore_ont_4188.owl","1973.6666666666667","ELK"
"ore_ont_4669.owl","8827.0","ELK"
"ore_ont_12931.owl","876.0","ELK"
"ore_ont_1406.owl","905.3333333333334","ELK"
"ore_ont_13762.owl","755.0","ELK"
"ore_ont_5448.owl","1584.6666666666667","ELK"
"ore_ont_231.owl","761.6666666666666","ELK"
"ore_ont_12522.owl","1567.0","ELK"
"ore_ont_16558.owl","1510.6666666666667","ELK"
"ore_ont_11553.owl","8375.333333333334","ELK"
"ore_ont_10088.owl","673.6666666666666","ELK"
"ore_ont_4460.owl","1664.3333333333333","ELK"
"ore_ont_8441.owl","3786.6666666666665","ELK"
"ore_ont_10004.owl","1002.6666666666666","ELK"
"ore_ont_12635.owl","1175.3333333333333","ELK"
"ore_ont_14909.owl","973.6666666666666","ELK"
"ore_ont_345.owl","29656.666666666668","ELK"
"ore_ont_5690.owl","1421.3333333333333","ELK"
"ore_ont_960.owl","1533.6666666666667","ELK"
"ore_ont_14154.owl","2038.0","ELK"
"ore_ont_13299.owl","1453.6666666666667","ELK"
"ore_ont_12992.owl","3478.0","ELK"
"ore_ont_14327.owl","651.0","ELK"
"ore_ont_12150.owl","648.3333333333334","ELK"
"ore_ont_14185.owl","710.6666666666666","ELK"
"ore_ont_4938.owl","3035.0","ELK"
"ore_ont_9654.owl","5937.666666666667","ELK"
"ore_ont_6726.owl","3727.0","ELK"
"ore_ont_2569.owl","1039.0","ELK"
"ore_ont_7237.owl","1755.0","ELK"
"ore_ont_7706.owl","3213.0","ELK"
"ore_ont_7507.owl","24994.0","ELK"
"ore_ont_16759.owl","1507.6666666666667","ELK"
"ore_ont_12084.owl","1024.6666666666667","ELK"
"ore_ont_12342.owl","955.0","ELK"
"ore_ont_7120.owl","893.3333333333334","ELK"
"ore_ont_14926.owl","648.6666666666666","ELK"
"ore_ont_6967.owl","912.6666666666666","ELK"
"ore_ont_11676.owl","655.6666666666666","ELK"
"ore_ont_8781.owl","768.0","ELK"
"ore_ont_3909.owl","576.3333333333334","ELK"
"ore_ont_13885.owl","699.0","ELK"
"ore_ont_13234.owl","733.0","ELK"
"ore_ont_5964.owl","1076.6666666666667","ELK"
"ore_ont_10321.owl","574.6666666666666","ELK"
"ore_ont_14767.owl","1971.6666666666667","ELK"
"ore_ont_20.owl","4444.333333333333","ELK"
"ore_ont_5376.owl","845.0","ELK"
"ore_ont_2837.owl","626.6666666666666","ELK"
"ore_ont_11500.owl","3194.0","ELK"
"ore_ont_12448.owl","5524.666666666667","ELK"
"ore_ont_1330.owl","3983.0","ELK"
"ore_ont_9249.owl","760.3333333333334","ELK"
"ore_ont_1834.owl","844.6666666666666","ELK"
"ore_ont_10391.owl","886.3333333333334","ELK"
"ore_ont_2333.owl","1422.6666666666667","ELK"
"ore_ont_4577.owl","2394.0","ELK"
"ore_ont_12764.owl","806.3333333333334","ELK"
"ore_ont_9096.owl","1106.0","ELK"
"ore_ont_13937.owl","6183.0","ELK"
"ore_ont_15237.owl","1485.3333333333333","ELK"
"ore_ont_12965.owl","1006.6666666666666","ELK"
"ore_ont_13233.owl","3526.0","ELK"
"ore_ont_10242.owl","1514.0","ELK"
"ore_ont_1066.owl","6457.333333333333","ELK"
"ore_ont_5519.owl","12636.666666666666","ELK"
"ore_ont_4668.owl","746.0","ELK"
"ore_ont_3352.owl","772.6666666666666","ELK"
"ore_ont_16054.owl","823.6666666666666","ELK"
"ore_ont_1833.owl","2300.6666666666665","ELK"
"ore_ont_15753.owl","765.0","ELK"
"ore_ont_10431.owl","703.6666666666666","ELK"
"ore_ont_8719.owl","1456.3333333333333","ELK"
"ore_ont_14572.owl","5518.333333333333","ELK"
"ore_ont_3775.owl","659.0","ELK"
"ore_ont_7818.owl","919.6666666666666","ELK"
"ore_ont_14153.owl","1038.0","ELK"
"ore_ont_16267.owl","709.6666666666666","ELK"
"ore_ont_6198.owl","1739.3333333333333","ELK"
"ore_ont_2011.owl","770.3333333333334","ELK"
"ore_ont_3680.owl","1964.0","ELK"
"ore_ont_16428.owl","6651.0","ELK"
"ore_ont_16511.owl","1188.0","ELK"
"ore_ont_1012.owl","6996.666666666667","ELK"
"ore_ont_12433.owl","930.3333333333334","ELK"
"ore_ont_4074.owl","749.0","ELK"
"ore_ont_10366.owl","982.6666666666666","ELK"
"ore_ont_6952.owl","5884.0","ELK"
"ore_ont_13776.owl","1501.3333333333333","ELK"
"ore_ont_6470.owl","682.3333333333334","ELK"
"ore_ont_5213.owl","955.6666666666666","ELK"
"ore_ont_4162.owl","1539.3333333333333","ELK"
"ore_ont_14818.owl","1737.3333333333333","ELK"
"ore_ont_5688.owl","1280.0","ELK"
"ore_ont_2652.owl","664.6666666666666","ELK"
"ore_ont_15793.owl","1541.3333333333333","ELK"
"ore_ont_4671.owl","780.6666666666666","ELK"
"ore_ont_8480.owl","3564.0","ELK"
"ore_ont_15696.owl","5819.333333333333","ELK"
"ore_ont_1508.owl","2715.6666666666665","ELK"
"ore_ont_6233.owl","6283.333333333333","ELK"
"ore_ont_4983.owl","882.0","ELK"
"ore_ont_9894.owl","3752.3333333333335","ELK"
"ore_ont_15226.owl","6698.666666666667","ELK"
"ore_ont_12651.owl","8092.666666666667","ELK"
"ore_ont_14684.owl","874.6666666666666","ELK"
"ore_ont_14123.owl","909.0","ELK"
"ore_ont_15099.owl","2438.6666666666665","ELK"
"ore_ont_2738.owl","7258.0","ELK"
"ore_ont_6855.owl","600.0","ELK"
"ore_ont_2046.owl","3183.0","ELK"
"ore_ont_11395.owl","22563.666666666668","ELK"
"ore_ont_2577.owl","4163.333333333333","ELK"
"ore_ont_14331.owl","1461.3333333333333","ELK"
"ore_ont_8949.owl","661.6666666666666","ELK"
"ore_ont_2317.owl","1794.6666666666667","ELK"
"ore_ont_16089.owl","5501.666666666667","ELK"
"ore_ont_11778.owl","6093.0","ELK"
"ore_ont_13805.owl","786.3333333333334","ELK"
"ore_ont_10874.owl","1059.3333333333333","ELK"
"ore_ont_5664.owl","1803.6666666666667","ELK"
"ore_ont_6737.owl","1076.3333333333333","ELK"
"ore_ont_4263.owl","1491.0","ELK"
"ore_ont_11792.owl","798.6666666666666","ELK"
"ore_ont_7581.owl","11755.333333333334","ELK"
"ore_ont_2578.owl","2042.0","ELK"
"ore_ont_7226.owl","1944.6666666666667","ELK"
"ore_ont_15860.owl","963.6666666666666","ELK"
"ore_ont_3696.owl","5187.666666666667","ELK"
"ore_ont_3780.owl","754.3333333333334","ELK"
"ore_ont_10162.owl","784.0","ELK"
"ore_ont_3516.owl","1512.3333333333333","ELK"
"ore_ont_10503.owl","908.6666666666666","ELK"
"ore_ont_11896.owl","1153.0","ELK"
"ore_ont_12372.owl","970.3333333333334","ELK"
"ore_ont_3053.owl","678.6666666666666","ELK"
"ore_ont_16596.owl","7830.666666666667","ELK"
"ore_ont_15944.owl","1396.3333333333333","ELK"
"ore_ont_2504.owl","5871.0","ELK"
"ore_ont_5507.owl","1561.3333333333333","ELK"
"ore_ont_6542.owl","794.0","ELK"
"ore_ont_11703.owl","1297.0","ELK"
"ore_ont_8974.owl","550.6666666666666","ELK"
"ore_ont_7015.owl","1463.6666666666667","ELK"
"ore_ont_10285.owl","699.0","ELK"
"ore_ont_11362.owl","1028.6666666666667","ELK"
"ore_ont_11629.owl","2797.3333333333335","ELK"
"ore_ont_13018.owl","588.0","ELK"
"ore_ont_16746.owl","2055.0","ELK"
"ore_ont_14800.owl","701.3333333333334","ELK"
"ore_ont_6009.owl","2420.6666666666665","ELK"
"ore_ont_1533.owl","1542.6666666666667","ELK"
"ore_ont_15544.owl","1483.6666666666667","ELK"
"ore_ont_7179.owl","719.6666666666666","ELK"
"ore_ont_10742.owl","1242.3333333333333","ELK"
"ore_ont_6812.owl","580.0","ELK"
"ore_ont_5857.owl","18882.333333333332","ELK"
"ore_ont_7370.owl","7905.0","ELK"
"ore_ont_4961.owl","625.3333333333334","ELK"
"ore_ont_5002.owl","1351.3333333333333","ELK"
"ore_ont_13837.owl","697.6666666666666","ELK"
"ore_ont_380.owl","814.6666666666666","ELK"
"ore_ont_6452.owl","1484.6666666666667","ELK"
"ore_ont_2828.owl","7019.333333333333","ELK"
"ore_ont_11426.owl","3616.3333333333335","ELK"
"ore_ont_6483.owl","1809.3333333333333","ELK"
"ore_ont_8864.owl","1621.6666666666667","ELK"
"ore_ont_5509.owl","668.6666666666666","ELK"
"ore_ont_8688.owl","1544.3333333333333","ELK"
"ore_ont_14587.owl","1531.6666666666667","ELK"
"ore_ont_16114.owl","1675.3333333333333","ELK"
"ore_ont_14556.owl","914.0","ELK"
"ore_ont_8169.owl","603.0","ELK"
"ore_ont_10571.owl","794.0","ELK"
"ore_ont_165.owl","687.6666666666666","ELK"
"ore_ont_9347.owl","2202.0","ELK"
"ore_ont_10965.owl","4019.3333333333335","ELK"
"ore_ont_7195.owl","1899.6666666666667","ELK"
"ore_ont_5974.owl","1591.0","ELK"
"ore_ont_11124.owl","1826.6666666666667","ELK"
"ore_ont_9251.owl","811.3333333333334","ELK"
"ore_ont_15971.owl","568.3333333333334","ELK"
"ore_ont_3282.owl","5487.333333333333","ELK"
"ore_ont_3102.owl","1029.6666666666667","ELK"
"ore_ont_3835.owl","810.0","ELK"
"ore_ont_1422.owl","2979.6666666666665","ELK"
"ore_ont_3781.owl","1309.3333333333333","ELK"
"ore_ont_12410.owl","1619.3333333333333","ELK"
"ore_ont_7646.owl","63443.333333333336","ELK"
"ore_ont_4782.owl","4593.0","ELK"
"ore_ont_3789.owl","740.0","ELK"
"ore_ont_10136.owl","8372.333333333334","ELK"
"ore_ont_4223.owl","671.6666666666666","ELK"
"ore_ont_15318.owl","657.0","ELK"
"ore_ont_13132.owl","722.0","ELK"
"ore_ont_16708.owl","892.3333333333334","ELK"
"ore_ont_5774.owl","875.3333333333334","ELK"
"ore_ont_8462.owl","774.3333333333334","ELK"
"ore_ont_3406.owl","2421.6666666666665","ELK"
"ore_ont_6358.owl","1728.6666666666667","ELK"
"ore_ont_1886.owl","8141.0","ELK"
"ore_ont_15621.owl","2169.6666666666665","ELK"
"ore_ont_8948.owl","1009.0","ELK"
"ore_ont_11014.owl","1067.6666666666667","ELK"
"ore_ont_16547.owl","1769.6666666666667","ELK"
"ore_ont_15291.owl","844.0","ELK"
"ore_ont_16166.owl","863.6666666666666","ELK"
"ore_ont_11009.owl","995.6666666666666","ELK"
"ore_ont_336.owl","1961.6666666666667","ELK"
"ore_ont_14194.owl","1667.3333333333333","ELK"
"ore_ont_3635.owl","1086.0","ELK"
"ore_ont_13665.owl","2283.0","ELK"
"ore_ont_1501.owl","1473.6666666666667","ELK"
"ore_ont_13204.owl","611.0","ELK"
"ore_ont_1746.owl","663.3333333333334","ELK"
"ore_ont_786.owl","3083.3333333333335","ELK"
"ore_ont_5596.owl","3077.6666666666665","ELK"
"ore_ont_6682.owl","14234.666666666666","ELK"
"ore_ont_14518.owl","716.3333333333334","ELK"
"ore_ont_9767.owl","10047.0","ELK"
"ore_ont_1509.owl","1455.0","ELK"
"ore_ont_4567.owl","3342.3333333333335","ELK"
"ore_ont_13301.owl","807.3333333333334","ELK"
"ore_ont_4106.owl","633.6666666666666","ELK"
"ore_ont_4639.owl","2604.6666666666665","ELK"
"ore_ont_5548.owl","2407.3333333333335","ELK"
"ore_ont_15074.owl","13062.666666666666","ELK"
"ore_ont_5418.owl","10183.333333333334","ELK"
"ore_ont_1707.owl","1344.0","ELK"
"ore_ont_1790.owl","1662.0","ELK"
"ore_ont_15363.owl","1650.0","ELK"
"ore_ont_2654.owl","672.0","ELK"
"ore_ont_1270.owl","38944.0","ELK"
"ore_ont_16312.owl","915.3333333333334","ELK"
"ore_ont_10460.owl","1022.0","ELK"
"ore_ont_14381.owl","854.3333333333334","ELK"
"ore_ont_7052.owl","1115.0","ELK"
"ore_ont_990.owl","2029.6666666666667","ELK"
"ore_ont_7394.owl","751.0","ELK"
"ore_ont_7102.owl","1664.0","ELK"
"ore_ont_16039.owl","1203.0","ELK"
"ore_ont_7890.owl","751.6666666666666","ELK"
"ore_ont_5487.owl","1961.0","ELK"
"ore_ont_8975.owl","892.6666666666666","ELK"
"ore_ont_5204.owl","818.6666666666666","ELK"
"ore_ont_8042.owl","1031.3333333333333","ELK"
"ore_ont_5665.owl","785.0","ELK"
"ore_ont_6815.owl","1738.0","ELK"
"ore_ont_16191.owl","1022.3333333333334","ELK"
"ore_ont_13451.owl","1710.0","ELK"
"ore_ont_6298.owl","1016.0","ELK"
"ore_ont_3060.owl","840.3333333333334","ELK"
"ore_ont_10125.owl","21474.0","ELK"
"ore_ont_1997.owl","751.3333333333334","ELK"
"ore_ont_7608.owl","2133.6666666666665","ELK"
"ore_ont_318.owl","10143.0","ELK"
"ore_ont_12567.owl","21299.666666666668","ELK"
"ore_ont_3377.owl","22760.666666666668","ELK"
"ore_ont_6453.owl","1775.0","ELK"
"ore_ont_13755.owl","1251.3333333333333","ELK"
"ore_ont_14667.owl","1337.6666666666667","ELK"
"ore_ont_10890.owl","1773.6666666666667","ELK"
"ore_ont_5617.owl","2305.6666666666665","ELK"
"ore_ont_4952.owl","6204.666666666667","ELK"
"ore_ont_9567.owl","5147.666666666667","ELK"
"ore_ont_16619.owl","2313.6666666666665","ELK"
"ore_ont_8327.owl","834.3333333333334","ELK"
"ore_ont_8417.owl","1970.3333333333333","ELK"
"ore_ont_13851.owl","2004.3333333333333","ELK"
"ore_ont_15685.owl","994.6666666666666","ELK"
"ore_ont_13355.owl","12510.0","ELK"
"ore_ont_4198.owl","1199.3333333333333","ELK"
"ore_ont_1115.owl","3864.6666666666665","ELK"
"ore_ont_2531.owl","1645.3333333333333","ELK"
"ore_ont_12892.owl","997.3333333333334","ELK"
"ore_ont_6469.owl","1614.0","ELK"
"ore_ont_10073.owl","11585.666666666666","ELK"
"ore_ont_16701.owl","2960.3333333333335","ELK"
"ore_ont_14826.owl","761.0","ELK"
"ore_ont_11357.owl","715.3333333333334","ELK"
"ore_ont_8203.owl","1513.6666666666667","ELK"
"ore_ont_10176.owl","707.0","ELK"
"ore_ont_5462.owl","1388.6666666666667","ELK"
"ore_ont_15103.owl","754.6666666666666","ELK"
"ore_ont_6905.owl","1303.3333333333333","ELK"
"ore_ont_5295.owl","9576.333333333334","ELK"
"ore_ont_5940.owl","899.0","ELK"
"ore_ont_1112.owl","1898.0","ELK"
"ore_ont_891.owl","2049.3333333333335","ELK"
"ore_ont_15976.owl","9413.666666666666","ELK"
"ore_ont_2111.owl","13322.666666666666","ELK"
"ore_ont_14924.owl","853.3333333333334","ELK"
"ore_ont_1734.owl","1454.6666666666667","ELK"
"ore_ont_13405.owl","1032.3333333333333","ELK"
"ore_ont_13100.owl","800.0","ELK"
"ore_ont_15672.owl","742.6666666666666","ELK"
"ore_ont_9402.owl","1237.6666666666667","ELK"
"ore_ont_12152.owl","1670.3333333333333","ELK"
"ore_ont_770.owl","1939.3333333333333","ELK"
"ore_ont_5292.owl","648.3333333333334","ELK"
"ore_ont_14325.owl","713.3333333333334","ELK"
"ore_ont_7956.owl","6224.666666666667","ELK"
"ore_ont_12112.owl","737.3333333333334","ELK"
"ore_ont_13752.owl","1785.0","ELK"
"ore_ont_11502.owl","1957.3333333333333","ELK"
"ore_ont_6792.owl","1687.6666666666667","ELK"
"ore_ont_6035.owl","2310.6666666666665","ELK"
"ore_ont_12901.owl","1397.3333333333333","ELK"
"ore_ont_6485.owl","724.6666666666666","ELK"
"ore_ont_1618.owl","684.6666666666666","ELK"
"ore_ont_3806.owl","712.6666666666666","ELK"
"ore_ont_11371.owl","622.0","ELK"
"ore_ont_964.owl","1904.0","ELK"
"ore_ont_15178.owl","2061.6666666666665","ELK"
"ore_ont_15682.owl","970.3333333333334","ELK"
"ore_ont_3910.owl","1163.6666666666667","ELK"
"ore_ont_16535.owl","810.0","ELK"
"ore_ont_5549.owl","7464.666666666667","ELK"
"ore_ont_9884.owl","1484.3333333333333","ELK"
"ore_ont_10568.owl","16539.0","ELK"
"ore_ont_10823.owl","712.3333333333334","ELK"
"ore_ont_9046.owl","4019.3333333333335","ELK"
"ore_ont_9577.owl","5789.666666666667","ELK"
"ore_ont_9855.owl","3294.6666666666665","ELK"
"ore_ont_8557.owl","2620.0","ELK"
"ore_ont_15418.owl","6905.333333333333","ELK"
"ore_ont_2513.owl","1618.3333333333333","ELK"
"ore_ont_2134.owl","6434.333333333333","ELK"
"ore_ont_3797.owl","1555.0","ELK"
"ore_ont_7488.owl","1144.3333333333333","ELK"
"ore_ont_14878.owl","2287.6666666666665","ELK"
"ore_ont_16806.owl","1215.6666666666667","ELK"
"ore_ont_14321.owl","977.3333333333334","ELK"
"ore_ont_3480.owl","2077.3333333333335","ELK"
"ore_ont_1212.owl","828.0","ELK"
"ore_ont_14183.owl","1992.0","ELK"
"ore_ont_5564.owl","1035.3333333333333","ELK"
"ore_ont_9545.owl","3490.3333333333335","ELK"
"ore_ont_6437.owl","763.3333333333334","ELK"
"ore_ont_16666.owl","2552.6666666666665","ELK"
"ore_ont_3708.owl","829.6666666666666","ELK"
"ore_ont_4033.owl","2740.3333333333335","ELK"
"ore_ont_14031.owl","1092.0","ELK"
"ore_ont_2677.owl","1955.0","ELK"
"ore_ont_6109.owl","1569.3333333333333","ELK"
"ore_ont_14450.owl","1653.0","ELK"
"ore_ont_13298.owl","992.3333333333334","ELK"
"ore_ont_11287.owl","1585.0","ELK"
"ore_ont_6727.owl","1475.6666666666667","ELK"
"ore_ont_14223.owl","2615.6666666666665","ELK"
"ore_ont_3418.owl","782.6666666666666","ELK"
"ore_ont_9792.owl","1104.0","ELK"
"ore_ont_1898.owl","777.6666666666666","ELK"
"ore_ont_7540.owl","3320.6666666666665","ELK"
"ore_ont_8432.owl","3974.3333333333335","ELK"
"ore_ont_4827.owl","1056.3333333333333","ELK"
"ore_ont_13503.owl","629.6666666666666","ELK"
"ore_ont_11495.owl","6211.0","ELK"
"ore_ont_7464.owl","664.0","ELK"
"ore_ont_6870.owl","1683.6666666666667","ELK"
"ore_ont_10991.owl","1412.3333333333333","ELK"
"ore_ont_11459.owl","8819.666666666666","ELK"
"ore_ont_105.owl","722.3333333333334","ELK"
"ore_ont_15526.owl","1334.0","ELK"
"ore_ont_12414.owl","7561.666666666667","ELK"
"ore_ont_9248.owl","1417.6666666666667","ELK"
"ore_ont_7908.owl","8831.666666666666","ELK"
"ore_ont_4429.owl","1668.0","ELK"
"ore_ont_14574.owl","1320.0","ELK"
"ore_ont_16586.owl","12607.666666666666","ELK"
"ore_ont_4032.owl","1045.6666666666667","ELK"
"ore_ont_7127.owl","8139.333333333333","ELK"
"ore_ont_8916.owl","946.0","ELK"
"ore_ont_1988.owl","678.6666666666666","ELK"
"ore_ont_260.owl","1692.3333333333333","ELK"
"ore_ont_16420.owl","5522.666666666667","ELK"
"ore_ont_15292.owl","1043.0","ELK"
"ore_ont_16519.owl","6521.0","ELK"
"ore_ont_15397.owl","888.3333333333334","ELK"
"ore_ont_6729.owl","2046.6666666666667","ELK"
"ore_ont_7169.owl","886.0","ELK"
"ore_ont_6149.owl","1148.6666666666667","ELK"
"ore_ont_15692.owl","1999.3333333333333","ELK"
"ore_ont_12007.owl","718.3333333333334","ELK"
"ore_ont_11639.owl","707.3333333333334","ELK"
"ore_ont_16632.owl","2218.3333333333335","ELK"
"ore_ont_15222.owl","1205.0","ELK"
"ore_ont_338.owl","658.3333333333334","ELK"
"ore_ont_12898.owl","35271.666666666664","ELK"
"ore_ont_13474.owl","1175.6666666666667","ELK"
"ore_ont_4388.owl","884.0","ELK"
"ore_ont_11457.owl","2871.0","ELK"
"ore_ont_840.owl","3425.3333333333335","ELK"
"ore_ont_9854.owl","639.0","ELK"
"ore_ont_16559.owl","1811.3333333333333","ELK"
"ore_ont_9904.owl","734.0","ELK"
"ore_ont_11694.owl","925.3333333333334","ELK"
"ore_ont_7775.owl","1315.0","ELK"
"ore_ont_9151.owl","5289.0","ELK"
"ore_ont_1028.owl","4432.666666666667","ELK"
"ore_ont_7663.owl","818.6666666666666","ELK"
"ore_ont_8786.owl","1016.3333333333334","ELK"
"ore_ont_11895.owl","692.6666666666666","ELK"
"ore_ont_4578.owl","1536.0","ELK"
"ore_ont_4049.owl","2830.0","ELK"
"ore_ont_10949.owl","1831.3333333333333","ELK"
"ore_ont_14353.owl","974.3333333333334","ELK"
"ore_ont_15172.owl","3944.0","ELK"
"ore_ont_9429.owl","1641.0","ELK"
"ore_ont_4737.owl","1599.3333333333333","ELK"
"ore_ont_10348.owl","1935.3333333333333","ELK"
"ore_ont_6333.owl","731.0","ELK"
"ore_ont_5260.owl","3096.3333333333335","ELK"
"ore_ont_5696.owl","660.6666666666666","ELK"
"ore_ont_6024.owl","694.3333333333334","ELK"
"ore_ont_9612.owl","1818.0","ELK"
"ore_ont_8563.owl","1043.6666666666667","ELK"
"ore_ont_430.owl","733.0","ELK"
"ore_ont_15991.owl","1487.0","ELK"
"ore_ont_4655.owl","1159.3333333333333","ELK"
"ore_ont_10384.owl","2135.6666666666665","ELK"
"ore_ont_3128.owl","707.3333333333334","ELK"
"ore_ont_13483.owl","655.3333333333334","ELK"
"ore_ont_12916.owl","1500.0","ELK"
"ore_ont_5840.owl","3287.3333333333335","ELK"
"ore_ont_12061.owl","687.3333333333334","ELK"
"ore_ont_11906.owl","1918.0","ELK"
"ore_ont_15921.owl","695.0","ELK"
"ore_ont_3411.owl","883.0","ELK"
"ore_ont_13136.owl","5482.666666666667","ELK"
"ore_ont_1194.owl","586873.3333333334","ELK"
"ore_ont_568.owl","937.6666666666666","ELK"
"ore_ont_11004.owl","813.3333333333334","ELK"
"ore_ont_3500.owl","2193.6666666666665","ELK"
"ore_ont_11817.owl","5453.0","ELK"
"ore_ont_1634.owl","5812.333333333333","ELK"
"ore_ont_14906.owl","1989.3333333333333","ELK"
"ore_ont_589.owl","2226.0","ELK"
"ore_ont_85.owl","795.0","ELK"
"ore_ont_3077.owl","4023.6666666666665","ELK"
"ore_ont_4744.owl","9095.333333333334","ELK"
"ore_ont_15355.owl","1448.3333333333333","ELK"
"ore_ont_8723.owl","5618.333333333333","ELK"
"ore_ont_5193.owl","3430.6666666666665","ELK"
"ore_ont_13122.owl","1814.6666666666667","ELK"
"ore_ont_5764.owl","1234.6666666666667","ELK"
"ore_ont_5255.owl","668.6666666666666","ELK"
"ore_ont_4363.owl","1710.3333333333333","ELK"
"ore_ont_16157.owl","946.3333333333334","ELK"
"ore_ont_13097.owl","808.3333333333334","ELK"
"ore_ont_4652.owl","1167.6666666666667","ELK"
"ore_ont_15968.owl","1218.3333333333333","ELK"
"ore_ont_7680.owl","1208.0","ELK"
"ore_ont_15399.owl","654.6666666666666","ELK"
"ore_ont_7003.owl","721.3333333333334","ELK"
"ore_ont_283.owl","4981.333333333333","ELK"
"ore_ont_8171.owl","1670.3333333333333","ELK"
"ore_ont_3733.owl","10288.0","ELK"
"ore_ont_15210.owl","717.3333333333334","ELK"
"ore_ont_10805.owl","757.6666666666666","ELK"
"ore_ont_12743.owl","11081.666666666666","ELK"
"ore_ont_4469.owl","1023.6666666666666","ELK"
"ore_ont_2713.owl","797.6666666666666","ELK"
"ore_ont_15063.owl","1678.0","ELK"
"ore_ont_2876.owl","654.3333333333334","ELK"
"ore_ont_7817.owl","1491.6666666666667","ELK"
"ore_ont_15058.owl","804.6666666666666","ELK"
"ore_ont_4570.owl","2988.6666666666665","ELK"
"ore_ont_5550.owl","1420.6666666666667","ELK"
"ore_ont_9736.owl","682.6666666666666","ELK"
"ore_ont_8377.owl","3136.3333333333335","ELK"
"ore_ont_12432.owl","1798.3333333333333","ELK"
"ore_ont_9994.owl","692.6666666666666","ELK"
"ore_ont_980.owl","2130.0","ELK"
"ore_ont_6132.owl","1349.3333333333333","ELK"
"ore_ont_7901.owl","806.3333333333334","ELK"
"ore_ont_9386.owl","1233.6666666666667","ELK"
"ore_ont_5834.owl","1022.6666666666666","ELK"
"ore_ont_14294.owl","1728.0","ELK"
"ore_ont_11597.owl","3785.0","ELK"
"ore_ont_928.owl","1350.6666666666667","ELK"
"ore_ont_457.owl","1005.6666666666666","ELK"
"ore_ont_4428.owl","753.3333333333334","ELK"
"ore_ont_11003.owl","750.3333333333334","ELK"
"ore_ont_3237.owl","3464.3333333333335","ELK"
"ore_ont_16008.owl","23361.333333333332","ELK"
"ore_ont_699.owl","4126.333333333333","ELK"
"ore_ont_205.owl","2127.0","ELK"
"ore_ont_13337.owl","1684.3333333333333","ELK"
"ore_ont_11349.owl","1326.3333333333333","ELK"
"ore_ont_10926.owl","35828.333333333336","ELK"
"ore_ont_13578.owl","1139.3333333333333","ELK"
"ore_ont_1524.owl","716.6666666666666","ELK"
"ore_ont_16723.owl","706.6666666666666","ELK"
"ore_ont_5103.owl","1044.0","ELK"
"ore_ont_6477.owl","9673.0","ELK"
"ore_ont_4412.owl","19430.333333333332","ELK"
"ore_ont_3329.owl","1721.6666666666667","ELK"
"ore_ont_4035.owl","874.0","ELK"
"ore_ont_3575.owl","15238.666666666666","ELK"
"ore_ont_10985.owl","1678.6666666666667","ELK"
"ore_ont_3114.owl","1738.0","ELK"
"ore_ont_15341.owl","1784.0","ELK"
"ore_ont_2022.owl","1069.6666666666667","ELK"
"ore_ont_14817.owl","11696.666666666666","ELK"
"ore_ont_4208.owl","7406.0","ELK"
"ore_ont_16268.owl","811.0","ELK"
"ore_ont_14459.owl","28255.666666666668","ELK"
"ore_ont_10423.owl","1701.3333333333333","ELK"
"ore_ont_5220.owl","987.0","ELK"
"ore_ont_762.owl","8203.0","ELK"
"ore_ont_9943.owl","1151.3333333333333","ELK"
"ore_ont_6443.owl","2002.3333333333333","ELK"
"ore_ont_10769.owl","730.3333333333334","ELK"
"ore_ont_5266.owl","1071.6666666666667","ELK"
"ore_ont_7203.owl","2286.3333333333335","ELK"
"ore_ont_13621.owl","1728.0","ELK"
"ore_ont_10355.owl","681.3333333333334","ELK"
"ore_ont_6712.owl","6174.666666666667","ELK"
"ore_ont_14216.owl","4224.333333333333","ELK"
"ore_ont_8787.owl","6228.666666666667","ELK"
"ore_ont_12118.owl","647.6666666666666","ELK"
"ore_ont_7417.owl","735.3333333333334","ELK"
"ore_ont_15288.owl","883.6666666666666","ELK"
"ore_ont_3658.owl","3119.0","ELK"
"ore_ont_12987.owl","1013.6666666666666","ELK"
"ore_ont_12194.owl","2299.0","ELK"
"ore_ont_7361.owl","6733.333333333333","ELK"
"ore_ont_6720.owl","743.3333333333334","ELK"
"ore_ont_8951.owl","755.0","ELK"
"ore_ont_15301.owl","1407.0","ELK"
"ore_ont_14425.owl","2234.0","ELK"
"ore_ont_1673.owl","15681.333333333334","ELK"
"ore_ont_2803.owl","5796.333333333333","ELK"
"ore_ont_7320.owl","1942.3333333333333","ELK"
"ore_ont_9684.owl","4348.666666666667","ELK"
"ore_ont_8194.owl","11036.666666666666","ELK"
"ore_ont_5014.owl","901.3333333333334","ELK"
"ore_ont_8806.owl","700.6666666666666","ELK"
"ore_ont_15203.owl","21091.0","ELK"
"ore_ont_5253.owl","4765.666666666667","ELK"
"ore_ont_8145.owl","3601.6666666666665","ELK"
"ore_ont_10161.owl","6791.333333333333","ELK"
"ore_ont_14934.owl","4171.666666666667","ELK"
"ore_ont_13429.owl","623.6666666666666","ELK"
"ore_ont_16188.owl","809.0","ELK"
"ore_ont_1475.owl","1393.0","ELK"
"ore_ont_2017.owl","959.0","ELK"
"ore_ont_259.owl","1672.0","ELK"
"ore_ont_11878.owl","1688.0","ELK"
"ore_ont_15514.owl","830.0","ELK"
"ore_ont_13723.owl","1477.6666666666667","ELK"
"ore_ont_1965.owl","1724.6666666666667","ELK"
"ore_ont_11289.owl","2050.0","ELK"
"ore_ont_2753.owl","739.6666666666666","ELK"
"ore_ont_13846.owl","15335.0","ELK"
"ore_ont_5646.owl","690.0","ELK"
"ore_ont_4006.owl","2949.0","ELK"
"ore_ont_6495.owl","772.3333333333334","ELK"
"ore_ont_13150.owl","1710.0","ELK"
"ore_ont_644.owl","1689.3333333333333","ELK"
"ore_ont_6444.owl","1274.3333333333333","ELK"
"ore_ont_15030.owl","1064.3333333333333","ELK"
"ore_ont_14328.owl","701.0","ELK"
"ore_ont_4770.owl","2040.0","ELK"
"ore_ont_1043.owl","6092.0","ELK"
"ore_ont_3873.owl","6317.666666666667","ELK"
"ore_ont_11635.owl","1520.6666666666667","ELK"
"ore_ont_394.owl","893.3333333333334","ELK"
"ore_ont_7517.owl","584.6666666666666","ELK"
"ore_ont_4133.owl","832.6666666666666","ELK"
"ore_ont_9024.owl","1067.6666666666667","ELK"
"ore_ont_6207.owl","2006.6666666666667","ELK"
"ore_ont_7496.owl","3997.6666666666665","ELK"
"ore_ont_9695.owl","754.3333333333334","ELK"
"ore_ont_7401.owl","2455.6666666666665","ELK"
"ore_ont_16010.owl","646.3333333333334","ELK"
"ore_ont_935.owl","2376.6666666666665","ELK"
"ore_ont_11380.owl","651.6666666666666","ELK"
"ore_ont_14379.owl","1756.0","ELK"
"ore_ont_5932.owl","743.3333333333334","ELK"
"ore_ont_9805.owl","713.3333333333334","ELK"
"ore_ont_12839.owl","4411.0","ELK"
"ore_ont_15491.owl","2134.6666666666665","ELK"
"ore_ont_8486.owl","28916.666666666668","ELK"
"ore_ont_10009.owl","773.3333333333334","ELK"
"ore_ont_12665.owl","1763.6666666666667","ELK"
"ore_ont_13141.owl","1327.0","ELK"
"ore_ont_16481.owl","898.0","ELK"
"ore_ont_9768.owl","3778.0","ELK"
"ore_ont_8128.owl","657.3333333333334","ELK"
"ore_ont_16184.owl","2799.0","ELK"
"ore_ont_6939.owl","854.6666666666666","ELK"
"ore_ont_10778.owl","4187.333333333333","ELK"
"ore_ont_7084.owl","1536.0","ELK"
"ore_ont_11504.owl","713.6666666666666","ELK"
"ore_ont_7342.owl","758.6666666666666","ELK"
"ore_ont_773.owl","4516.666666666667","ELK"
"ore_ont_2703.owl","1454.3333333333333","ELK"
"ore_ont_14607.owl","4212.0","ELK"
"ore_ont_11401.owl","746.3333333333334","ELK"
"ore_ont_3832.owl","735.3333333333334","ELK"
"ore_ont_2661.owl","2343.6666666666665","ELK"
"ore_ont_7499.owl","1919.3333333333333","ELK"
"ore_ont_13398.owl","865.3333333333334","ELK"
"ore_ont_2627.owl","2392.0","ELK"
"ore_ont_1662.owl","666.6666666666666","ELK"
"ore_ont_7962.owl","668.0","ELK"
"ore_ont_8940.owl","1387.3333333333333","ELK"
"ore_ont_6246.owl","746.3333333333334","ELK"
"ore_ont_6627.owl","9537.666666666666","ELK"
"ore_ont_5078.owl","1050.0","ELK"
"ore_ont_2860.owl","848.3333333333334","ELK"
"ore_ont_751.owl","5484.666666666667","ELK"
"ore_ont_3987.owl","711.0","ELK"
"ore_ont_11978.owl","741.0","ELK"
"ore_ont_3524.owl","13344.0","ELK"
"ore_ont_14285.owl","981.0","ELK"
"ore_ont_3344.owl","1074.0","ELK"
"ore_ont_14027.owl","1721.6666666666667","ELK"
"ore_ont_9761.owl","1765.3333333333333","ELK"
"ore_ont_16372.owl","1193.6666666666667","ELK"
"ore_ont_4527.owl","1218.6666666666667","ELK"
"ore_ont_6272.owl","896.6666666666666","ELK"
"ore_ont_6504.owl","1911.0","ELK"
"ore_ont_7474.owl","1608.6666666666667","ELK"
"ore_ont_153.owl","1582.3333333333333","ELK"
"ore_ont_11536.owl","1622.6666666666667","ELK"
"ore_ont_11291.owl","682.6666666666666","ELK"
"ore_ont_5205.owl","757.0","ELK"
"ore_ont_6111.owl","1713.6666666666667","ELK"
"ore_ont_13584.owl","854.3333333333334","ELK"
"ore_ont_9694.owl","2010.6666666666667","ELK"
"ore_ont_2318.owl","1845.3333333333333","ELK"
"ore_ont_290.owl","1627.3333333333333","ELK"
"ore_ont_3550.owl","2208.0","ELK"
"ore_ont_3260.owl","671.3333333333334","ELK"
"ore_ont_12107.owl","737.3333333333334","ELK"
"ore_ont_3177.owl","1395.0","ELK"
"ore_ont_2291.owl","5676.0","ELK"
"ore_ont_9928.owl","773.6666666666666","ELK"
"ore_ont_16425.owl","841.6666666666666","ELK"
"ore_ont_12161.owl","1613.0","ELK"
"ore_ont_11110.owl","5475.666666666667","ELK"
"ore_ont_14588.owl","668.3333333333334","ELK"
"ore_ont_7833.owl","1083.0","ELK"
"ore_ont_10951.owl","1057.0","ELK"
"ore_ont_5115.owl","1508.0","ELK"
"ore_ont_8294.owl","1349.3333333333333","ELK"
"ore_ont_10026.owl","1130.6666666666667","ELK"
"ore_ont_10781.owl","752.6666666666666","ELK"
"ore_ont_10123.owl","1190.3333333333333","ELK"
"ore_ont_10608.owl","1197.0","ELK"
"ore_ont_13740.owl","758.0","ELK"
"ore_ont_1182.owl","2672.0","ELK"
"ore_ont_3640.owl","949.0","ELK"
"ore_ont_8369.owl","731.0","ELK"
"ore_ont_16167.owl","637.6666666666666","ELK"
"ore_ont_11696.owl","1876.3333333333333","ELK"
"ore_ont_5368.owl","2126.0","ELK"
"ore_ont_7988.owl","823.0","ELK"
"ore_ont_1481.owl","1243.6666666666667","ELK"
"ore_ont_178.owl","719.6666666666666","ELK"
"ore_ont_4141.owl","1347.3333333333333","ELK"
"ore_ont_9257.owl","1792.3333333333333","ELK"
"ore_ont_4802.owl","7101.333333333333","ELK"
"ore_ont_185.owl","735.0","ELK"
"ore_ont_7343.owl","3459.0","ELK"
"ore_ont_4767.owl","745.3333333333334","ELK"
"ore_ont_5481.owl","11481.666666666666","ELK"
"ore_ont_14883.owl","893.6666666666666","ELK"
"ore_ont_15516.owl","1127.0","ELK"
"ore_ont_10248.owl","6615.333333333333","ELK"
"ore_ont_12932.owl","745.6666666666666","ELK"
"ore_ont_15388.owl","4704.666666666667","ELK"
"ore_ont_6234.owl","2286.0","ELK"
"ore_ont_10388.owl","725.0","ELK"
"ore_ont_12451.owl","1855.6666666666667","ELK"
"ore_ont_15066.owl","2398.0","ELK"
"ore_ont_14897.owl","4161.666666666667","ELK"
"ore_ont_2792.owl","2744.3333333333335","ELK"
"ore_ont_3082.owl","619.0","ELK"
"ore_ont_3214.owl","1797.0","ELK"
"ore_ont_2454.owl","1292.3333333333333","ELK"
"ore_ont_2826.owl","975.6666666666666","ELK"
"ore_ont_2485.owl","618.0","ELK"
"ore_ont_3562.owl","2695.0","ELK"
"ore_ont_15615.owl","2124.6666666666665","ELK"
"ore_ont_15229.owl","667.6666666666666","ELK"
"ore_ont_9088.owl","731.6666666666666","ELK"
"ore_ont_15655.owl","663.0","ELK"
"ore_ont_8858.owl","4459.666666666667","ELK"
"ore_ont_13969.owl","8484.0","ELK"
"ore_ont_13230.owl","1928.6666666666667","ELK"
"ore_ont_12802.owl","1753.6666666666667","ELK"
"ore_ont_3330.owl","625.3333333333334","ELK"
"ore_ont_12128.owl","20131.0","ELK"
"ore_ont_11460.owl","7097.666666666667","ELK"
"ore_ont_8665.owl","655.6666666666666","ELK"
"ore_ont_12149.owl","3057.6666666666665","ELK"
"ore_ont_10053.owl","1511.6666666666667","ELK"
"ore_ont_4515.owl","1556.0","ELK"
"ore_ont_6310.owl","2459.6666666666665","ELK"
"ore_ont_10068.owl","6381.333333333333","ELK"
"ore_ont_14517.owl","694.6666666666666","ELK"
"ore_ont_10409.owl","1523.0","ELK"
"ore_ont_15421.owl","637.0","ELK"
"ore_ont_7178.owl","2282.3333333333335","ELK"
"ore_ont_11910.owl","1483.6666666666667","ELK"
"ore_ont_9513.owl","2003.3333333333333","ELK"
"ore_ont_8662.owl","605.6666666666666","ELK"
"ore_ont_6461.owl","647.3333333333334","ELK"
"ore_ont_4755.owl","8574.0","ELK"
"ore_ont_15145.owl","611.6666666666666","ELK"
"ore_ont_8941.owl","1476.3333333333333","ELK"
"ore_ont_13078.owl","1644.3333333333333","ELK"
"ore_ont_2469.owl","6078.666666666667","ELK"
"ore_ont_11311.owl","4726.666666666667","ELK"
"ore_ont_7557.owl","8949.333333333334","ELK"
"ore_ont_11899.owl","12434.333333333334","ELK"
"ore_ont_12182.owl","891.6666666666666","ELK"
"ore_ont_14919.owl","1591.6666666666667","ELK"
"ore_ont_11592.owl","755.6666666666666","ELK"
"ore_ont_10807.owl","1141.6666666666667","ELK"
"ore_ont_8030.owl","1049.3333333333333","ELK"
"ore_ont_13912.owl","867.0","ELK"
"ore_ont_13404.owl","872.3333333333334","ELK"
"ore_ont_12824.owl","724.3333333333334","ELK"
"ore_ont_14995.owl","1342.3333333333333","ELK"
"ore_ont_4210.owl","2079.0","ELK"
"ore_ont_14221.owl","1766.3333333333333","ELK"
"ore_ont_11834.owl","660.3333333333334","ELK"
"ore_ont_2453.owl","903.6666666666666","ELK"
"ore_ont_16115.owl","789.0","ELK"
"ore_ont_3917.owl","3487.6666666666665","ELK"
"ore_ont_3255.owl","871.0","ELK"
"ore_ont_8509.owl","1262.0","ELK"
"ore_ont_2415.owl","7207.666666666667","ELK"
"ore_ont_2744.owl","902.6666666666666","ELK"
"ore_ont_11497.owl","705.3333333333334","ELK"
"ore_ont_11626.owl","1531.3333333333333","ELK"
"ore_ont_5092.owl","1517.6666666666667","ELK"
"ore_ont_5184.owl","828.3333333333334","ELK"
"ore_ont_15800.owl","650.3333333333334","ELK"
"ore_ont_11296.owl","676.0","ELK"
"ore_ont_9783.owl","846.3333333333334","ELK"
"ore_ont_7716.owl","1977.6666666666667","ELK"
"ore_ont_8355.owl","755.3333333333334","ELK"
"ore_ont_5572.owl","705.6666666666666","ELK"
"ore_ont_7789.owl","760.3333333333334","ELK"
"ore_ont_12418.owl","1567.0","ELK"
"ore_ont_7409.owl","9084.333333333334","ELK"
"ore_ont_7339.owl","795.6666666666666","ELK"
"ore_ont_7758.owl","1558.0","ELK"
"ore_ont_2612.owl","933.6666666666666","ELK"
"ore_ont_3215.owl","15044.333333333334","ELK"
"ore_ont_16850.owl","620.0","ELK"
"ore_ont_10350.owl","978.0","ELK"
"ore_ont_8329.owl","1466.0","ELK"
"ore_ont_6869.owl","1520.0","ELK"
"ore_ont_13679.owl","1549.6666666666667","ELK"
"ore_ont_5707.owl","1145.0","ELK"
"ore_ont_13224.owl","7010.0","ELK"
"ore_ont_8933.owl","1564.3333333333333","ELK"
"ore_ont_10750.owl","7175.666666666667","ELK"
"ore_ont_7345.owl","852.3333333333334","ELK"
"ore_ont_3919.owl","2361.0","ELK"
"ore_ont_8166.owl","706.0","ELK"
"ore_ont_7525.owl","731.0","ELK"
"ore_ont_11207.owl","1772.0","ELK"
"ore_ont_7014.owl","1774.3333333333333","ELK"
"ore_ont_1823.owl","725.3333333333334","ELK"
"ore_ont_11600.owl","1411.3333333333333","ELK"
"ore_ont_11739.owl","14347.333333333334","ELK"
"ore_ont_2936.owl","589.6666666666666","ELK"
"ore_ont_3916.owl","763.3333333333334","ELK"
"ore_ont_2820.owl","5359.666666666667","ELK"
"ore_ont_2232.owl","1376.0","ELK"
"ore_ont_16120.owl","1577.6666666666667","ELK"
"ore_ont_16687.owl","2306.0","ELK"
"ore_ont_8326.owl","1555.0","ELK"
"ore_ont_6615.owl","799.0","ELK"
"ore_ont_16444.owl","6778.0","ELK"
"ore_ont_7192.owl","12839.333333333334","ELK"
"ore_ont_7800.owl","654.6666666666666","ELK"
"ore_ont_10283.owl","822.3333333333334","ELK"
"ore_ont_7607.owl","1212.3333333333333","ELK"
"ore_ont_2669.owl","741.0","ELK"
"ore_ont_8094.owl","689.3333333333334","ELK"
"ore_ont_10212.owl","1062.0","ELK"
"ore_ont_7220.owl","825.0","ELK"
"ore_ont_4604.owl","6748.666666666667","ELK"
"ore_ont_11157.owl","1109.0","ELK"
"ore_ont_16501.owl","787.0","ELK"
"ore_ont_8999.owl","1559.3333333333333","ELK"
"ore_ont_15667.owl","650.0","ELK"
"ore_ont_13071.owl","2772.0","ELK"
"ore_ont_15703.owl","12438.0","ELK"
"ore_ont_12369.owl","756.6666666666666","ELK"
"ore_ont_12985.owl","6310.0","ELK"
