Ont name,Classification time (ms),Reasoner
ore_ont_6437.owl,2637.0,JFACT
ore_ont_9545.owl,137535.66666666663,JFACT
ore_ont_3708.owl,1646.666666666667,JFACT
ore_ont_12284.owl,87690.0,JFACT
ore_ont_6720.owl,1800000.0,JFACT
ore_ont_11895.owl,1576.0,JFACT
ore_ont_10161.owl,422694.0,JFACT
ore_ont_14934.owl,1800000.0,JFACT
ore_ont_1673.owl,-1.0,JFACT
ore_ont_1212.owl,30674.33333333333,JFACT
ore_ont_3231.owl,1744.0,JFACT
ore_ont_7488.owl,13631.666666666664,JFACT
ore_ont_2803.owl,421494.66666666674,JFACT
ore_ont_16565.owl,-1.0,JFACT
ore_ont_15692.owl,14938.333333333336,JFACT
ore_ont_2134.owl,618849.6666666665,JFACT
ore_ont_15222.owl,3448.333333333333,JFACT
ore_ont_802.owl,3951.333333333334,JFACT
ore_ont_3463.owl,1428.0,JFACT
ore_ont_8557.owl,37062.333333333336,JFACT
ore_ont_13150.owl,-1.0,JFACT
ore_ont_16519.owl,791599.6666666665,JFACT
ore_ont_8640.owl,2979.0,JFACT
ore_ont_9299.owl,1800000.0,JFACT
ore_ont_15695.owl,1800000.0,JFACT
ore_ont_15921.owl,2542.6666666666665,JFACT
ore_ont_14817.owl,1800000.0,JFACT
ore_ont_3816.owl,4145.666666666667,JFACT
ore_ont_7908.owl,1800000.0,JFACT
ore_ont_9248.owl,3589.333333333333,JFACT
ore_ont_16268.owl,2154.0,JFACT
ore_ont_10423.owl,-1.0,JFACT
ore_ont_10384.owl,20895.0,JFACT
ore_ont_12061.owl,1482.333333333333,JFACT
ore_ont_13621.owl,7101.0,JFACT
ore_ont_8226.owl,1380.666666666667,JFACT
ore_ont_10355.owl,1373.0,JFACT
ore_ont_4187.owl,1800000.0,JFACT
ore_ont_259.owl,-1.0,JFACT
ore_ont_7270.owl,1631.0,JFACT
ore_ont_15288.owl,3121.666666666666,JFACT
ore_ont_9684.owl,1800000.0,JFACT
ore_ont_12987.owl,2281.333333333333,JFACT
ore_ont_6727.owl,3773.0,JFACT
ore_ont_1898.owl,1628.666666666667,JFACT
ore_ont_8806.owl,1627.666666666667,JFACT
ore_ont_12194.owl,12395.333333333336,JFACT
ore_ont_5253.owl,580683.6666666665,JFACT
ore_ont_11081.owl,-1.0,JFACT
ore_ont_3418.owl,1873.666666666667,JFACT
ore_ont_15301.owl,5935.333333333332,JFACT
ore_ont_644.owl,11370.333333333336,JFACT
ore_ont_14237.owl,6296.0,JFACT
ore_ont_6109.owl,8371.666666666666,JFACT
ore_ont_2017.owl,2026.333333333333,JFACT
ore_ont_7663.owl,1683.333333333333,JFACT
ore_ont_9151.owl,-1.0,JFACT
ore_ont_1028.owl,1800000.0,JFACT
ore_ont_13460.owl,13316.0,JFACT
ore_ont_14294.owl,-1.0,JFACT
ore_ont_2713.owl,1809.666666666667,JFACT
ore_ont_191.owl,1154686.666666667,JFACT
ore_ont_14183.owl,6716.666666666668,JFACT
ore_ont_2876.owl,1510.333333333333,JFACT
ore_ont_257.owl,7778.666666666668,JFACT
ore_ont_11349.owl,4266.666666666667,JFACT
ore_ont_6729.owl,7817.0,JFACT
ore_ont_3077.owl,-1.0,JFACT
ore_ont_7169.owl,2141.6666666666665,JFACT
ore_ont_16723.owl,1624.0,JFACT
ore_ont_5764.owl,3524.666666666666,JFACT
ore_ont_10823.owl,1634.0,JFACT
ore_ont_6566.owl,4365.666666666667,JFACT
ore_ont_3238.owl,49447.66666666666,JFACT
ore_ont_4233.owl,1466668.333333333,JFACT
ore_ont_4652.owl,4595.666666666667,JFACT
ore_ont_1840.owl,1668712.0,JFACT
ore_ont_15526.owl,1800000.0,JFACT
ore_ont_15985.owl,2480.0,JFACT
ore_ont_1082.owl,1800000.0,JFACT
ore_ont_3411.owl,6561.0,JFACT
ore_ont_928.owl,40030.333333333336,JFACT
ore_ont_3128.owl,2028.333333333333,JFACT
ore_ont_13122.owl,1800000.0,JFACT
ore_ont_9413.owl,1800000.0,JFACT
ore_ont_10320.owl,2336.333333333333,JFACT
ore_ont_4655.owl,7780.333333333332,JFACT
ore_ont_5550.owl,40181.333333333336,JFACT
ore_ont_33.owl,9949.333333333334,JFACT
ore_ont_8377.owl,139634.66666666663,JFACT
ore_ont_6024.owl,1572.666666666667,JFACT
ore_ont_5696.owl,1461.666666666667,JFACT
ore_ont_11495.owl,1800000.0,JFACT
ore_ont_9994.owl,1673.333333333333,JFACT
ore_ont_6333.owl,2194.333333333333,JFACT
ore_ont_7901.owl,1991.666666666667,JFACT
ore_ont_10892.owl,8606.666666666666,JFACT
ore_ont_10134.owl,3128.666666666666,JFACT
ore_ont_2658.owl,172996.66666666663,JFACT
ore_ont_934.owl,353813.0,JFACT
ore_ont_11315.owl,1800000.0,JFACT
ore_ont_2700.owl,7769.666666666668,JFACT
ore_ont_1820.owl,1800000.0,JFACT
ore_ont_9809.owl,1800000.0,JFACT
ore_ont_1970.owl,5600.333333333332,JFACT
ore_ont_11526.owl,1815.666666666667,JFACT
ore_ont_3022.owl,1811.666666666667,JFACT
ore_ont_869.owl,4500.0,JFACT
ore_ont_2662.owl,1744.0,JFACT
ore_ont_3584.owl,-1.0,JFACT
ore_ont_16703.owl,541900.0,JFACT
ore_ont_8359.owl,-1.0,JFACT
ore_ont_11196.owl,1800000.0,JFACT
ore_ont_7969.owl,1745.0,JFACT
ore_ont_2624.owl,35019.666666666664,JFACT
ore_ont_12536.owl,26798.0,JFACT
ore_ont_13229.owl,1800000.0,JFACT
ore_ont_727.owl,3514.0,JFACT
ore_ont_11140.owl,7172.0,JFACT
ore_ont_1853.owl,2040.0,JFACT
ore_ont_9558.owl,-1.0,JFACT
ore_ont_11636.owl,9066.666666666666,JFACT
ore_ont_6889.owl,1966.666666666667,JFACT
ore_ont_1091.owl,8311.666666666666,JFACT
ore_ont_4261.owl,2681.6666666666665,JFACT
ore_ont_10689.owl,1800000.0,JFACT
ore_ont_10173.owl,-1.0,JFACT
ore_ont_16359.owl,1691.333333333333,JFACT
ore_ont_7025.owl,7871.666666666668,JFACT
ore_ont_6354.owl,7037.666666666668,JFACT
ore_ont_13674.owl,-1.0,JFACT
ore_ont_14746.owl,1582.0,JFACT
ore_ont_3258.owl,2231.6666666666665,JFACT
ore_ont_11972.owl,1706.333333333333,JFACT
ore_ont_10340.owl,1729.333333333333,JFACT
ore_ont_7893.owl,6957.666666666668,JFACT
ore_ont_237.owl,2017.666666666667,JFACT
ore_ont_8792.owl,89550.0,JFACT
ore_ont_11005.owl,-1.0,JFACT
ore_ont_3639.owl,1679.0,JFACT
ore_ont_8684.owl,-1.0,JFACT
ore_ont_8322.owl,-1.0,JFACT
ore_ont_10133.owl,2389.0,JFACT
ore_ont_6862.owl,7785.333333333332,JFACT
ore_ont_541.owl,2847.333333333333,JFACT
ore_ont_5164.owl,1948.666666666667,JFACT
ore_ont_3954.owl,1800000.0,JFACT
ore_ont_16821.owl,2183.0,JFACT
ore_ont_1034.owl,1846.666666666667,JFACT
ore_ont_11064.owl,2736.6666666666665,JFACT
ore_ont_15680.owl,1800000.0,JFACT
ore_ont_11416.owl,2045.0,JFACT
ore_ont_412.owl,-1.0,JFACT
ore_ont_8047.owl,1560.333333333333,JFACT
ore_ont_8627.owl,38037.0,JFACT
ore_ont_1469.owl,9798.0,JFACT
ore_ont_8460.owl,2270.0,JFACT
ore_ont_4557.owl,1800000.0,JFACT
ore_ont_10419.owl,2053.6666666666665,JFACT
ore_ont_566.owl,2177.6666666666665,JFACT
ore_ont_15184.owl,-1.0,JFACT
ore_ont_11477.owl,30547.0,JFACT
ore_ont_6999.owl,1841.666666666667,JFACT
ore_ont_239.owl,374417.0,JFACT
ore_ont_14334.owl,20807.0,JFACT
ore_ont_11695.owl,1800000.0,JFACT
ore_ont_6368.owl,1738.333333333333,JFACT
ore_ont_1325.owl,1832.333333333333,JFACT
ore_ont_11619.owl,3216.666666666666,JFACT
ore_ont_13902.owl,113539.66666666669,JFACT
ore_ont_7399.owl,-1.0,JFACT
ore_ont_2360.owl,-1.0,JFACT
ore_ont_12330.owl,463096.66666666674,JFACT
ore_ont_9635.owl,1595.333333333333,JFACT
ore_ont_6617.owl,1555.333333333333,JFACT
ore_ont_5074.owl,1681.333333333333,JFACT
ore_ont_14308.owl,1800000.0,JFACT
ore_ont_7011.owl,3400.0,JFACT
ore_ont_6230.owl,17779.666666666668,JFACT
ore_ont_7340.owl,1800000.0,JFACT
ore_ont_16814.owl,-1.0,JFACT
ore_ont_10314.owl,1819.0,JFACT
ore_ont_3301.owl,2277.6666666666665,JFACT
ore_ont_3726.owl,1972.0,JFACT
ore_ont_10929.owl,408559.66666666674,JFACT
ore_ont_9303.owl,87425.33333333331,JFACT
ore_ont_5792.owl,4559.333333333333,JFACT
ore_ont_6120.owl,1318644.0,JFACT
ore_ont_16371.owl,1959.333333333333,JFACT
ore_ont_9014.owl,11994.666666666664,JFACT
ore_ont_9724.owl,1800000.0,JFACT
ore_ont_5485.owl,3406.333333333333,JFACT
ore_ont_4226.owl,18204.33333333333,JFACT
ore_ont_4581.owl,-1.0,JFACT
ore_ont_4780.owl,10787.0,JFACT
ore_ont_10197.owl,4284.666666666667,JFACT
ore_ont_13690.owl,52866.33333333334,JFACT
ore_ont_16669.owl,1800000.0,JFACT
ore_ont_155.owl,2176.333333333333,JFACT
ore_ont_13053.owl,1843.333333333333,JFACT
ore_ont_10146.owl,4059.333333333334,JFACT
ore_ont_4400.owl,2060.6666666666665,JFACT
ore_ont_13840.owl,15834.0,JFACT
ore_ont_11203.owl,1658.0,JFACT
ore_ont_8298.owl,3844.333333333334,JFACT
ore_ont_3263.owl,4110.0,JFACT
ore_ont_10127.owl,1800000.0,JFACT
ore_ont_13482.owl,1800000.0,JFACT
ore_ont_8579.owl,40722.66666666666,JFACT
ore_ont_16684.owl,621684.0,JFACT
ore_ont_15152.owl,7539.666666666668,JFACT
ore_ont_9499.owl,1800000.0,JFACT
ore_ont_5359.owl,3396.333333333333,JFACT
ore_ont_13684.owl,1800000.0,JFACT
ore_ont_4178.owl,30982.33333333333,JFACT
ore_ont_16744.owl,1800000.0,JFACT
ore_ont_16453.owl,34046.0,JFACT
ore_ont_6948.owl,1800000.0,JFACT
ore_ont_6202.owl,4499.666666666667,JFACT
ore_ont_9786.owl,1800000.0,JFACT
ore_ont_12415.owl,2758.666666666666,JFACT
ore_ont_14863.owl,9749.333333333334,JFACT
ore_ont_12323.owl,1799.333333333333,JFACT
ore_ont_4917.owl,-1.0,JFACT
ore_ont_8362.owl,1938.333333333333,JFACT
ore_ont_16738.owl,-1.0,JFACT
ore_ont_13066.owl,1796.333333333333,JFACT
ore_ont_6822.owl,117633.66666666669,JFACT
ore_ont_7256.owl,522789.33333333326,JFACT
ore_ont_10264.owl,1585.333333333333,JFACT
ore_ont_420.owl,1674.333333333333,JFACT
ore_ont_10888.owl,1636.333333333333,JFACT
ore_ont_13898.owl,2227.0,JFACT
ore_ont_15929.owl,913190.0,JFACT
ore_ont_7729.owl,-1.0,JFACT
ore_ont_10838.owl,-1.0,JFACT
ore_ont_6659.owl,495120.66666666674,JFACT
ore_ont_3914.owl,1800000.0,JFACT
ore_ont_9890.owl,4615.666666666667,JFACT
ore_ont_13872.owl,3859.666666666666,JFACT
ore_ont_14879.owl,623158.6666666665,JFACT
ore_ont_12379.owl,1984.333333333333,JFACT
ore_ont_10174.owl,1562.0,JFACT
ore_ont_7251.owl,80265.33333333331,JFACT
ore_ont_12452.owl,140406.33333333337,JFACT
ore_ont_8273.owl,3423.666666666666,JFACT
ore_ont_1272.owl,368472.0,JFACT
ore_ont_7439.owl,23768.66666666667,JFACT
ore_ont_10199.owl,1654.666666666667,JFACT
ore_ont_1123.owl,1800000.0,JFACT
ore_ont_12925.owl,2668.333333333333,JFACT
ore_ont_12221.owl,206294.0,JFACT
ore_ont_668.owl,8684.0,JFACT
ore_ont_4918.owl,1989.0,JFACT
ore_ont_3050.owl,-1.0,JFACT
ore_ont_13139.owl,14585.666666666664,JFACT
ore_ont_1705.owl,1837.0,JFACT
ore_ont_13545.owl,5074.666666666667,JFACT
ore_ont_2664.owl,-1.0,JFACT
ore_ont_6859.owl,1811.0,JFACT
ore_ont_13124.owl,13627.0,JFACT
ore_ont_9758.owl,-1.0,JFACT
ore_ont_15687.owl,1800000.0,JFACT
ore_ont_10481.owl,9340.0,JFACT
ore_ont_1944.owl,1670.0,JFACT
ore_ont_12801.owl,8341.333333333334,JFACT
ore_ont_15933.owl,3125.0,JFACT
ore_ont_2622.owl,1800000.0,JFACT
ore_ont_11949.owl,1558.0,JFACT
ore_ont_9835.owl,1800000.0,JFACT
ore_ont_5852.owl,1497.333333333333,JFACT
ore_ont_6664.owl,365449.66666666674,JFACT
ore_ont_8666.owl,1809.333333333333,JFACT
ore_ont_8882.owl,107127.33333333331,JFACT
ore_ont_4834.owl,7259.333333333332,JFACT
ore_ont_385.owl,1698.333333333333,JFACT
ore_ont_13524.owl,1626.666666666667,JFACT
ore_ont_850.owl,56835.66666666666,JFACT
ore_ont_8187.owl,2359.6666666666665,JFACT
ore_ont_7479.owl,9607.666666666666,JFACT
ore_ont_508.owl,1679.0,JFACT
ore_ont_3106.owl,5478.666666666667,JFACT
ore_ont_3341.owl,1500.666666666667,JFACT
ore_ont_1866.owl,1891.666666666667,JFACT
ore_ont_15791.owl,22274.0,JFACT
ore_ont_5978.owl,2035.0,JFACT
ore_ont_15878.owl,1800000.0,JFACT
ore_ont_3087.owl,-1.0,JFACT
ore_ont_6076.owl,1800000.0,JFACT
ore_ont_5033.owl,1956.333333333333,JFACT
ore_ont_3349.owl,24156.66666666667,JFACT
ore_ont_9054.owl,2352.0,JFACT
ore_ont_2038.owl,1641.333333333333,JFACT
ore_ont_4897.owl,1931.666666666667,JFACT
ore_ont_14816.owl,1691.666666666667,JFACT
ore_ont_10280.owl,7638.0,JFACT
ore_ont_9557.owl,-1.0,JFACT
ore_ont_6857.owl,2274.6666666666665,JFACT
ore_ont_7712.owl,1800000.0,JFACT
ore_ont_10749.owl,10899.0,JFACT
ore_ont_7584.owl,-1.0,JFACT
ore_ont_16299.owl,11770.666666666664,JFACT
ore_ont_12387.owl,1800000.0,JFACT
ore_ont_202.owl,1650.0,JFACT
ore_ont_13759.owl,1617.666666666667,JFACT
ore_ont_14191.owl,11594.333333333336,JFACT
ore_ont_8668.owl,7187.0,JFACT
ore_ont_16274.owl,1820.666666666667,JFACT
ore_ont_5358.owl,1800000.0,JFACT
ore_ont_9498.owl,-1.0,JFACT
ore_ont_5669.owl,17657.0,JFACT
ore_ont_12884.owl,-1.0,JFACT
ore_ont_12351.owl,1800000.0,JFACT
ore_ont_12097.owl,3277.0,JFACT
ore_ont_11037.owl,1800000.0,JFACT
ore_ont_6816.owl,1800000.0,JFACT
ore_ont_1537.owl,2259.6666666666665,JFACT
ore_ont_1666.owl,14803.333333333336,JFACT
ore_ont_3133.owl,1800000.0,JFACT
ore_ont_3836.owl,1500483.666666667,JFACT
ore_ont_8119.owl,1889.333333333333,JFACT
ore_ont_8578.owl,2142.6666666666665,JFACT
ore_ont_10160.owl,3671.333333333334,JFACT
ore_ont_3966.owl,2558.333333333333,JFACT
ore_ont_2121.owl,1800000.0,JFACT
ore_ont_16594.owl,1877.0,JFACT
ore_ont_10425.owl,6251.0,JFACT
ore_ont_9899.owl,-1.0,JFACT
ore_ont_3842.owl,1629.0,JFACT
ore_ont_1685.owl,60361.33333333334,JFACT
ore_ont_2591.owl,115976.66666666669,JFACT
ore_ont_4898.owl,3392.666666666666,JFACT
ore_ont_15796.owl,-1.0,JFACT
ore_ont_3080.owl,1800000.0,JFACT
ore_ont_1931.owl,2267.333333333333,JFACT
ore_ont_2456.owl,2586.333333333333,JFACT
ore_ont_7300.owl,127984.0,JFACT
ore_ont_4724.owl,1669.666666666667,JFACT
ore_ont_904.owl,9511.666666666666,JFACT
ore_ont_14348.owl,2020.333333333333,JFACT
ore_ont_2749.owl,2496.0,JFACT
ore_ont_13392.owl,1614.666666666667,JFACT
ore_ont_5612.owl,1198485.666666667,JFACT
ore_ont_3455.owl,1911.333333333333,JFACT
ore_ont_16767.owl,1800000.0,JFACT
ore_ont_4798.owl,4528.0,JFACT
ore_ont_13064.owl,1782.333333333333,JFACT
ore_ont_3685.owl,2519.6666666666665,JFACT
ore_ont_3484.owl,3425.666666666666,JFACT
ore_ont_5059.owl,134510.0,JFACT
ore_ont_5769.owl,1800000.0,JFACT
ore_ont_10702.owl,32025.66666666667,JFACT
ore_ont_13276.owl,1800000.0,JFACT
ore_ont_11523.owl,1704.666666666667,JFACT
ore_ont_8431.owl,-1.0,JFACT
ore_ont_5216.owl,2267.6666666666665,JFACT
ore_ont_12721.owl,1924.666666666667,JFACT
ore_ont_13383.owl,2318.333333333333,JFACT
ore_ont_4572.owl,1800000.0,JFACT
ore_ont_4242.owl,1800000.0,JFACT
ore_ont_22.owl,49581.0,JFACT
ore_ont_4092.owl,8106.0,JFACT
ore_ont_6923.owl,3307.333333333333,JFACT
ore_ont_15125.owl,98515.66666666669,JFACT
ore_ont_13657.owl,2260.6666666666665,JFACT
ore_ont_5966.owl,2018.666666666667,JFACT
ore_ont_13591.owl,1800000.0,JFACT
ore_ont_330.owl,19825.33333333333,JFACT
ore_ont_4354.owl,2463.0,JFACT
ore_ont_13887.owl,2168.333333333333,JFACT
ore_ont_10992.owl,36161.0,JFACT
ore_ont_6401.owl,3427.333333333333,JFACT
ore_ont_6409.owl,3832.666666666666,JFACT
ore_ont_16509.owl,13199.0,JFACT
ore_ont_11274.owl,2275.333333333333,JFACT
ore_ont_2697.owl,1630.666666666667,JFACT
ore_ont_15490.owl,11779.666666666664,JFACT
ore_ont_3770.owl,1838.0,JFACT
ore_ont_10536.owl,1620.666666666667,JFACT
ore_ont_13423.owl,1800000.0,JFACT
ore_ont_9663.owl,1800000.0,JFACT
ore_ont_5604.owl,2212.6666666666665,JFACT
ore_ont_6067.owl,2641.333333333333,JFACT
ore_ont_13708.owl,258432.33333333328,JFACT
ore_ont_16056.owl,6525.333333333332,JFACT
ore_ont_15950.owl,3425.666666666666,JFACT
ore_ont_703.owl,2473.6666666666665,JFACT
ore_ont_7188.owl,9948.0,JFACT
ore_ont_1555.owl,1800000.0,JFACT
ore_ont_13954.owl,38232.333333333336,JFACT
ore_ont_13526.owl,22272.66666666667,JFACT
ore_ont_2266.owl,3302.333333333333,JFACT
ore_ont_10517.owl,5574.666666666668,JFACT
ore_ont_15249.owl,1286395.333333333,JFACT
ore_ont_10389.owl,6172.333333333332,JFACT
ore_ont_13799.owl,2401.6666666666665,JFACT
ore_ont_2105.owl,26490.33333333333,JFACT
ore_ont_1211.owl,3460.666666666666,JFACT
ore_ont_9709.owl,1554.666666666667,JFACT
ore_ont_6800.owl,7643.333333333332,JFACT
ore_ont_8671.owl,1800000.0,JFACT
ore_ont_13928.owl,-1.0,JFACT
ore_ont_5894.owl,4232.333333333333,JFACT
ore_ont_12584.owl,1722.333333333333,JFACT
ore_ont_14551.owl,-1.0,JFACT
ore_ont_6635.owl,-1.0,JFACT
ore_ont_8844.owl,13008.0,JFACT
ore_ont_1199.owl,-1.0,JFACT
ore_ont_11378.owl,-1.0,JFACT
ore_ont_3852.owl,1700.0,JFACT
ore_ont_6589.owl,1806.333333333333,JFACT
ore_ont_2497.owl,20873.33333333333,JFACT
ore_ont_10672.owl,-1.0,JFACT
ore_ont_14593.owl,-1.0,JFACT
ore_ont_13306.owl,1727.666666666667,JFACT
ore_ont_11053.owl,1211504.666666667,JFACT
ore_ont_12955.owl,-1.0,JFACT
ore_ont_14255.owl,-1.0,JFACT
ore_ont_7111.owl,1800000.0,JFACT
ore_ont_9881.owl,4301.333333333333,JFACT
ore_ont_868.owl,1800000.0,JFACT
ore_ont_16617.owl,-1.0,JFACT
ore_ont_7944.owl,7962.0,JFACT
ore_ont_264.owl,28345.33333333333,JFACT
ore_ont_14407.owl,30097.66666666667,JFACT
ore_ont_6910.owl,361145.33333333326,JFACT
ore_ont_14066.owl,25593.0,JFACT
ore_ont_5760.owl,1800000.0,JFACT
ore_ont_7234.owl,25091.0,JFACT
ore_ont_12948.owl,1656.333333333333,JFACT
ore_ont_13643.owl,1698.666666666667,JFACT
ore_ont_4279.owl,3509.333333333333,JFACT
ore_ont_11577.owl,2040.666666666667,JFACT
ore_ont_16286.owl,1800000.0,JFACT
ore_ont_10833.owl,1838.333333333333,JFACT
ore_ont_5089.owl,1841.666666666667,JFACT
ore_ont_5721.owl,4445.0,JFACT
ore_ont_10380.owl,1800000.0,JFACT
ore_ont_13153.owl,4067.333333333334,JFACT
ore_ont_8982.owl,1800000.0,JFACT
ore_ont_5107.owl,1845.666666666667,JFACT
ore_ont_12101.owl,1682.666666666667,JFACT
ore_ont_1478.owl,3079.666666666666,JFACT
ore_ont_15536.owl,1800000.0,JFACT
ore_ont_13991.owl,-1.0,JFACT
ore_ont_5566.owl,1800000.0,JFACT
ore_ont_14776.owl,733928.0,JFACT
ore_ont_15557.owl,971846.0,JFACT
ore_ont_1767.owl,95373.33333333331,JFACT
ore_ont_2142.owl,1800000.0,JFACT
ore_ont_1306.owl,1800000.0,JFACT
ore_ont_14040.owl,3483.333333333333,JFACT
ore_ont_1065.owl,4716.0,JFACT
ore_ont_2020.owl,1800000.0,JFACT
ore_ont_8492.owl,27074.0,JFACT
ore_ont_2229.owl,1726.0,JFACT
ore_ont_9857.owl,3142.0,JFACT
ore_ont_10275.owl,21163.666666666668,JFACT
ore_ont_11392.owl,1922.0,JFACT
ore_ont_9886.owl,1514111.666666667,JFACT
ore_ont_4775.owl,1800000.0,JFACT
ore_ont_16610.owl,6243.333333333332,JFACT
ore_ont_4856.owl,1756.666666666667,JFACT
ore_ont_9941.owl,2136.6666666666665,JFACT
ore_ont_5755.owl,1800000.0,JFACT
ore_ont_14896.owl,7845.333333333332,JFACT
ore_ont_8175.owl,5305.0,JFACT
ore_ont_9534.owl,-1.0,JFACT
ore_ont_7007.owl,2313.0,JFACT
ore_ont_5695.owl,15678.333333333336,JFACT
ore_ont_6226.owl,2842.0,JFACT
ore_ont_9816.owl,271713.66666666674,JFACT
ore_ont_6751.owl,7061.0,JFACT
ore_ont_637.owl,2265.0,JFACT
ore_ont_6260.owl,1706.333333333333,JFACT
ore_ont_4205.owl,1800000.0,JFACT
ore_ont_10860.owl,1800000.0,JFACT
ore_ont_13811.owl,115692.33333333331,JFACT
ore_ont_6338.owl,1723.333333333333,JFACT
ore_ont_1062.owl,7983.0,JFACT
ore_ont_13949.owl,32828.666666666664,JFACT
ore_ont_1967.owl,1626.333333333333,JFACT
ore_ont_3771.owl,2885.666666666666,JFACT
ore_ont_2082.owl,1800000.0,JFACT
ore_ont_12906.owl,1577.0,JFACT
ore_ont_3504.owl,1683.666666666667,JFACT
ore_ont_7868.owl,1800000.0,JFACT
ore_ont_15635.owl,444896.33333333326,JFACT
ore_ont_5197.owl,4958.666666666667,JFACT
ore_ont_253.owl,8821.333333333334,JFACT
ore_ont_13880.owl,2074.0,JFACT
ore_ont_11564.owl,-1.0,JFACT
ore_ont_12174.owl,1846.0,JFACT
ore_ont_7743.owl,10109.666666666666,JFACT
ore_ont_10621.owl,-1.0,JFACT
ore_ont_14365.owl,680851.3333333335,JFACT
ore_ont_3503.owl,3128.666666666666,JFACT
ore_ont_5149.owl,4036.666666666666,JFACT
ore_ont_10008.owl,774137.6666666665,JFACT
ore_ont_1340.owl,7424.0,JFACT
ore_ont_14861.owl,1800000.0,JFACT
ore_ont_714.owl,-1.0,JFACT
ore_ont_6896.owl,1800000.0,JFACT
ore_ont_15737.owl,1766.333333333333,JFACT
ore_ont_14388.owl,2183.333333333333,JFACT
ore_ont_8286.owl,-1.0,JFACT
ore_ont_6722.owl,1800000.0,JFACT
ore_ont_4796.owl,15276.666666666664,JFACT
ore_ont_7482.owl,1607.333333333333,JFACT
ore_ont_14601.owl,1800000.0,JFACT
ore_ont_7275.owl,26544.66666666667,JFACT
ore_ont_7730.owl,2021.0,JFACT
ore_ont_4182.owl,1800000.0,JFACT
ore_ont_8712.owl,139639.66666666663,JFACT
ore_ont_9382.owl,-1.0,JFACT
ore_ont_14840.owl,2852.333333333333,JFACT
ore_ont_10806.owl,9284.333333333334,JFACT
ore_ont_12486.owl,58915.66666666666,JFACT
ore_ont_795.owl,1800000.0,JFACT
ore_ont_15917.owl,21884.33333333333,JFACT
ore_ont_7668.owl,12574.333333333336,JFACT
ore_ont_2557.owl,1661.0,JFACT
ore_ont_12836.owl,2773.666666666666,JFACT
ore_ont_15576.owl,1740.333333333333,JFACT
ore_ont_6433.owl,10148.333333333334,JFACT
ore_ont_12141.owl,2817.666666666666,JFACT
ore_ont_11085.owl,-1.0,JFACT
ore_ont_10006.owl,-1.0,JFACT
ore_ont_13077.owl,2139.333333333333,JFACT
ore_ont_13113.owl,3238.333333333333,JFACT
ore_ont_16315.owl,-1.0,JFACT
ore_ont_9590.owl,37169.66666666666,JFACT
ore_ont_9791.owl,1800000.0,JFACT
ore_ont_1017.owl,3188.0,JFACT
ore_ont_2195.owl,1906.0,JFACT
ore_ont_2303.owl,2115.333333333333,JFACT
ore_ont_12382.owl,2205.333333333333,JFACT
ore_ont_1430.owl,1920.0,JFACT
ore_ont_14273.owl,1683.666666666667,JFACT
ore_ont_11866.owl,1659.666666666667,JFACT
ore_ont_10254.owl,5206.666666666667,JFACT
ore_ont_2377.owl,1800000.0,JFACT
ore_ont_2646.owl,3169.666666666666,JFACT
ore_ont_6608.owl,1800000.0,JFACT
ore_ont_3156.owl,29342.0,JFACT
ore_ont_1603.owl,3162.666666666666,JFACT
ore_ont_7778.owl,3794.333333333334,JFACT
ore_ont_6060.owl,7624.666666666668,JFACT
ore_ont_9154.owl,2157.333333333333,JFACT
ore_ont_13219.owl,1800000.0,JFACT
ore_ont_8445.owl,131063.33333333331,JFACT
ore_ont_9947.owl,5199.666666666667,JFACT
ore_ont_7537.owl,7561.333333333332,JFACT
ore_ont_2556.owl,1968.333333333333,JFACT
ore_ont_15846.owl,-1.0,JFACT
ore_ont_7389.owl,1800000.0,JFACT
ore_ont_2440.owl,4309.0,JFACT
ore_ont_13430.owl,32446.0,JFACT
ore_ont_11989.owl,-1.0,JFACT
ore_ont_12270.owl,2686.6666666666665,JFACT
ore_ont_7246.owl,1800000.0,JFACT
ore_ont_8135.owl,2345.6666666666665,JFACT
ore_ont_7576.owl,1929.0,JFACT
ore_ont_6266.owl,-1.0,JFACT
ore_ont_9462.owl,1639.333333333333,JFACT
ore_ont_13243.owl,748910.3333333335,JFACT
ore_ont_4382.owl,1939.333333333333,JFACT
ore_ont_5927.owl,1800000.0,JFACT
ore_ont_4315.owl,1917.333333333333,JFACT
ore_ont_10588.owl,-1.0,JFACT
ore_ont_12831.owl,2125.333333333333,JFACT
ore_ont_7483.owl,2548.0,JFACT
ore_ont_6981.owl,1938.333333333333,JFACT
ore_ont_8141.owl,3386.666666666666,JFACT
ore_ont_2989.owl,1537.666666666667,JFACT
ore_ont_8470.owl,132466.0,JFACT
ore_ont_4616.owl,606099.3333333335,JFACT
ore_ont_11719.owl,2950.0,JFACT
ore_ont_3936.owl,2081.333333333333,JFACT
ore_ont_12043.owl,9306.0,JFACT
ore_ont_2950.owl,2931.0,JFACT
ore_ont_8399.owl,1800000.0,JFACT
ore_ont_9600.owl,1551.0,JFACT
ore_ont_572.owl,2495.6666666666665,JFACT
ore_ont_6423.owl,7026.0,JFACT
ore_ont_5206.owl,1921.666666666667,JFACT
ore_ont_5090.owl,1813.0,JFACT
ore_ont_6817.owl,4693.333333333333,JFACT
ore_ont_4260.owl,17555.0,JFACT
ore_ont_9646.owl,5105.333333333333,JFACT
ore_ont_4609.owl,1800000.0,JFACT
ore_ont_630.owl,2215.6666666666665,JFACT
ore_ont_1310.owl,641082.0,JFACT
ore_ont_12208.owl,1800000.0,JFACT
ore_ont_1902.owl,1749.0,JFACT
ore_ont_3515.owl,3523.0,JFACT
ore_ont_16777.owl,1858.333333333333,JFACT
ore_ont_2817.owl,-1.0,JFACT
ore_ont_3783.owl,1800000.0,JFACT
ore_ont_2486.owl,1800000.0,JFACT
ore_ont_3843.owl,1821.0,JFACT
ore_ont_3100.owl,1800000.0,JFACT
ore_ont_2036.owl,1559.666666666667,JFACT
ore_ont_3892.owl,-1.0,JFACT
ore_ont_2656.owl,24550.66666666667,JFACT
ore_ont_13647.owl,-1.0,JFACT
ore_ont_1938.owl,-1.0,JFACT
ore_ont_11901.owl,1725.0,JFACT
ore_ont_10445.owl,95584.66666666669,JFACT
ore_ont_7726.owl,18738.33333333333,JFACT
ore_ont_16351.owl,1453.666666666667,JFACT
ore_ont_509.owl,3516.333333333333,JFACT
ore_ont_3566.owl,1866.333333333333,JFACT
ore_ont_1821.owl,1800000.0,JFACT
ore_ont_15741.owl,4363.0,JFACT
ore_ont_15790.owl,84702.33333333331,JFACT
ore_ont_16855.owl,1528.0,JFACT
ore_ont_6934.owl,2251.6666666666665,JFACT
ore_ont_5162.owl,1800000.0,JFACT
ore_ont_12000.owl,16267.666666666664,JFACT
ore_ont_480.owl,1396.0,JFACT
ore_ont_4193.owl,1488.666666666667,JFACT
ore_ont_12317.owl,725719.0,JFACT
ore_ont_8502.owl,1940.666666666667,JFACT
ore_ont_13052.owl,37285.66666666666,JFACT
ore_ont_9673.owl,4600.333333333333,JFACT
ore_ont_8595.owl,3513.333333333333,JFACT
ore_ont_5943.owl,6891.666666666668,JFACT
ore_ont_7926.owl,9163.333333333334,JFACT
ore_ont_5730.owl,9833.0,JFACT
ore_ont_4875.owl,2226.333333333333,JFACT
ore_ont_7372.owl,9433.666666666666,JFACT
ore_ont_2775.owl,1620.666666666667,JFACT
ore_ont_2574.owl,-1.0,JFACT
ore_ont_1461.owl,1886.666666666667,JFACT
ore_ont_3784.owl,13123.333333333336,JFACT
ore_ont_14025.owl,826381.0,JFACT
ore_ont_2129.owl,24970.33333333333,JFACT
ore_ont_12325.owl,3615.333333333334,JFACT
ore_ont_2548.owl,1298252.666666667,JFACT
ore_ont_5742.owl,1470.0,JFACT
ore_ont_1869.owl,1779.333333333333,JFACT
ore_ont_6278.owl,2286.6666666666665,JFACT
ore_ont_3560.owl,1800000.0,JFACT
ore_ont_3250.owl,1565.666666666667,JFACT
ore_ont_8779.owl,5870.333333333332,JFACT
ore_ont_15352.owl,-1.0,JFACT
ore_ont_5298.owl,6863.333333333332,JFACT
ore_ont_15733.owl,162717.33333333337,JFACT
ore_ont_3262.owl,3196.333333333333,JFACT
ore_ont_11948.owl,6832.666666666668,JFACT
ore_ont_15932.owl,7035.666666666668,JFACT
ore_ont_16827.owl,1501.333333333333,JFACT
ore_ont_8737.owl,1800000.0,JFACT
ore_ont_8090.owl,3847.0,JFACT
ore_ont_258.owl,1579.333333333333,JFACT
ore_ont_8667.owl,1413.0,JFACT
ore_ont_14258.owl,23455.33333333333,JFACT
ore_ont_9027.owl,1800000.0,JFACT
ore_ont_11270.owl,-1.0,JFACT
ore_ont_8387.owl,16893.666666666668,JFACT
ore_ont_8902.owl,5292.333333333333,JFACT
ore_ont_1579.owl,1800000.0,JFACT
ore_ont_9400.owl,1800000.0,JFACT
ore_ont_4719.owl,1865.0,JFACT
ore_ont_15596.owl,1992.666666666667,JFACT
ore_ont_8388.owl,666813.0,JFACT
ore_ont_14766.owl,7730.0,JFACT
ore_ont_16033.owl,1698.333333333333,JFACT
ore_ont_7373.owl,1890.666666666667,JFACT
ore_ont_7831.owl,133999.33333333337,JFACT
ore_ont_9020.owl,2268.333333333333,JFACT
ore_ont_10894.owl,1845.333333333333,JFACT
ore_ont_148.owl,-1.0,JFACT
ore_ont_3839.owl,6175.0,JFACT
ore_ont_6315.owl,1800000.0,JFACT
ore_ont_10056.owl,1880.666666666667,JFACT
ore_ont_4510.owl,1800000.0,JFACT
ore_ont_7877.owl,5048.666666666667,JFACT
ore_ont_2488.owl,2116.333333333333,JFACT
ore_ont_7803.owl,1800000.0,JFACT
ore_ont_9896.owl,17259.333333333332,JFACT
ore_ont_12993.owl,1800000.0,JFACT
ore_ont_13103.owl,1800000.0,JFACT
ore_ont_6417.owl,1828.0,JFACT
ore_ont_12792.owl,217486.0,JFACT
ore_ont_7567.owl,1430429.0,JFACT
ore_ont_5502.owl,-1.0,JFACT
ore_ont_9435.owl,3969.333333333334,JFACT
ore_ont_8744.owl,4287.333333333333,JFACT
ore_ont_2361.owl,1800000.0,JFACT
ore_ont_14396.owl,5278.333333333333,JFACT
ore_ont_1793.owl,1835.666666666667,JFACT
ore_ont_10774.owl,5891.0,JFACT
ore_ont_3281.owl,1795.333333333333,JFACT
ore_ont_7639.owl,1416.333333333333,JFACT
ore_ont_11623.owl,42670.0,JFACT
ore_ont_9053.owl,-1.0,JFACT
ore_ont_16829.owl,1800000.0,JFACT
ore_ont_5543.owl,-1.0,JFACT
ore_ont_7216.owl,9016.666666666666,JFACT
ore_ont_11293.owl,477563.66666666674,JFACT
ore_ont_4911.owl,-1.0,JFACT
ore_ont_8705.owl,21353.33333333333,JFACT
ore_ont_8995.owl,1800000.0,JFACT
ore_ont_5815.owl,129742.33333333331,JFACT
ore_ont_11115.owl,2757.333333333333,JFACT
ore_ont_5241.owl,5155.666666666667,JFACT
ore_ont_12776.owl,9248.666666666666,JFACT
ore_ont_6735.owl,1472.666666666667,JFACT
ore_ont_947.owl,5379.666666666667,JFACT
ore_ont_16730.owl,1724.666666666667,JFACT
ore_ont_10681.owl,1509.666666666667,JFACT
ore_ont_14101.owl,1800000.0,JFACT
ore_ont_16235.owl,1800000.0,JFACT
ore_ont_13919.owl,21973.0,JFACT
ore_ont_1357.owl,766828.0,JFACT
ore_ont_10968.owl,5101.333333333333,JFACT
ore_ont_14912.owl,4601.333333333333,JFACT
ore_ont_11010.owl,1450.0,JFACT
ore_ont_13897.owl,2011.0,JFACT
ore_ont_4587.owl,5791.666666666668,JFACT
ore_ont_13581.owl,-1.0,JFACT
ore_ont_10752.owl,1249.3333333333333,JFACT
ore_ont_10140.owl,1800000.0,JFACT
ore_ont_8730.owl,1754.0,JFACT
ore_ont_5188.owl,52918.66666666666,JFACT
ore_ont_7839.owl,1159.3333333333333,JFACT
ore_ont_1117.owl,3222.0,JFACT
ore_ont_670.owl,1930.666666666667,JFACT
ore_ont_8189.owl,1547.0,JFACT
ore_ont_14375.owl,1800000.0,JFACT
ore_ont_3712.owl,6001.666666666668,JFACT
ore_ont_5159.owl,1286.3333333333333,JFACT
ore_ont_15575.owl,1868.666666666667,JFACT
ore_ont_7728.owl,1071353.0,JFACT
ore_ont_11133.owl,1637.0,JFACT
ore_ont_443.owl,3153.666666666666,JFACT
ore_ont_10058.owl,7448.0,JFACT
ore_ont_778.owl,2717.6666666666665,JFACT
ore_ont_4958.owl,7686.333333333332,JFACT
ore_ont_3010.owl,44173.66666666666,JFACT
ore_ont_14280.owl,21313.666666666668,JFACT
ore_ont_14831.owl,1621.666666666667,JFACT
ore_ont_8937.owl,1664.666666666667,JFACT
ore_ont_3529.owl,41656.66666666666,JFACT
ore_ont_12269.owl,82418.0,JFACT
ore_ont_360.owl,1800000.0,JFACT
ore_ont_5544.owl,109457.0,JFACT
ore_ont_14881.owl,1800000.0,JFACT
ore_ont_11533.owl,1828.666666666667,JFACT
ore_ont_9012.owl,2666.0,JFACT
ore_ont_7894.owl,2134.0,JFACT
ore_ont_5324.owl,2342.6666666666665,JFACT
ore_ont_12468.owl,-1.0,JFACT
ore_ont_1420.owl,-1.0,JFACT
ore_ont_12009.owl,2323.333333333333,JFACT
ore_ont_8429.owl,2654.333333333333,JFACT
ore_ont_2243.owl,785834.0,JFACT
ore_ont_2901.owl,80842.33333333331,JFACT
ore_ont_14134.owl,-1.0,JFACT
ore_ont_14508.owl,310983.66666666674,JFACT
ore_ont_2313.owl,6577.666666666668,JFACT
ore_ont_10016.owl,1800000.0,JFACT
ore_ont_8290.owl,2974.333333333333,JFACT
ore_ont_7174.owl,270670.0,JFACT
ore_ont_6535.owl,-1.0,JFACT
ore_ont_8006.owl,2929.333333333333,JFACT
ore_ont_6622.owl,7588.666666666668,JFACT
ore_ont_1119.owl,43397.333333333336,JFACT
ore_ont_4516.owl,2428.333333333333,JFACT
ore_ont_9674.owl,1800000.0,JFACT
ore_ont_2128.owl,18699.666666666668,JFACT
ore_ont_236.owl,18254.666666666668,JFACT
ore_ont_3259.owl,2086.333333333333,JFACT
ore_ont_9957.owl,3120.0,JFACT
ore_ont_1743.owl,144301.66666666663,JFACT
ore_ont_7108.owl,4643.333333333333,JFACT
ore_ont_2237.owl,1909.0,JFACT
ore_ont_15231.owl,2223.333333333333,JFACT
ore_ont_7569.owl,8928.333333333334,JFACT
ore_ont_3561.owl,3151.333333333333,JFACT
ore_ont_4054.owl,1800000.0,JFACT
ore_ont_9800.owl,4625.666666666667,JFACT
ore_ont_6796.owl,1947.0,JFACT
ore_ont_11929.owl,1750.333333333333,JFACT
ore_ont_10080.owl,1800000.0,JFACT
ore_ont_7914.owl,1800000.0,JFACT
ore_ont_14901.owl,2339.6666666666665,JFACT
ore_ont_13833.owl,2295.333333333333,JFACT
ore_ont_13178.owl,11415.333333333336,JFACT
ore_ont_16626.owl,2008.666666666667,JFACT
ore_ont_10109.owl,2700.333333333333,JFACT
ore_ont_13852.owl,11698.333333333336,JFACT
ore_ont_3671.owl,1684.333333333333,JFACT
ore_ont_7218.owl,7310.666666666668,JFACT
ore_ont_9958.owl,1800000.0,JFACT
ore_ont_13737.owl,1895.333333333333,JFACT
ore_ont_5539.owl,2100.333333333333,JFACT
ore_ont_2182.owl,25939.0,JFACT
ore_ont_10175.owl,1800000.0,JFACT
ore_ont_1539.owl,-1.0,JFACT
ore_ont_15217.owl,1825.666666666667,JFACT
ore_ont_14486.owl,1696.333333333333,JFACT
ore_ont_7493.owl,109252.66666666669,JFACT
ore_ont_9690.owl,1933.333333333333,JFACT
ore_ont_218.owl,11743.0,JFACT
ore_ont_3968.owl,4401.333333333333,JFACT
ore_ont_2066.owl,2157.333333333333,JFACT
ore_ont_1222.owl,1804.0,JFACT
ore_ont_3905.owl,8088.333333333332,JFACT
ore_ont_14848.owl,1778.0,JFACT
ore_ont_1493.owl,4734.333333333333,JFACT
ore_ont_10594.owl,8413.666666666666,JFACT
ore_ont_6020.owl,2974.0,JFACT
ore_ont_5404.owl,2049.6666666666665,JFACT
ore_ont_12914.owl,1800000.0,JFACT
ore_ont_12566.owl,2332.0,JFACT
ore_ont_15068.owl,1876.666666666667,JFACT
ore_ont_4383.owl,5692.333333333332,JFACT
ore_ont_6833.owl,228501.66666666663,JFACT
ore_ont_12281.owl,4161.666666666667,JFACT
ore_ont_304.owl,2117.333333333333,JFACT
ore_ont_5057.owl,2386.0,JFACT
ore_ont_9596.owl,13120.333333333336,JFACT
ore_ont_4127.owl,39445.333333333336,JFACT
ore_ont_15098.owl,12251.666666666664,JFACT
ore_ont_14543.owl,1800000.0,JFACT
ore_ont_14931.owl,1879.333333333333,JFACT
ore_ont_3545.owl,-1.0,JFACT
ore_ont_5679.owl,1835.333333333333,JFACT
ore_ont_15475.owl,11738.0,JFACT
ore_ont_14351.owl,6511.666666666668,JFACT
ore_ont_3795.owl,8410.666666666666,JFACT
ore_ont_2672.owl,2268.333333333333,JFACT
ore_ont_9689.owl,1908.666666666667,JFACT
ore_ont_5218.owl,1800000.0,JFACT
ore_ont_2213.owl,-1.0,JFACT
ore_ont_2012.owl,1840.333333333333,JFACT
ore_ont_7073.owl,1770.333333333333,JFACT
ore_ont_16462.owl,-1.0,JFACT
ore_ont_8631.owl,3420.333333333333,JFACT
ore_ont_4166.owl,1800000.0,JFACT
ore_ont_9540.owl,1800000.0,JFACT
ore_ont_11131.owl,21600.33333333333,JFACT
ore_ont_8250.owl,3066.666666666666,JFACT
ore_ont_13112.owl,2353.6666666666665,JFACT
ore_ont_12191.owl,-1.0,JFACT
ore_ont_7364.owl,3177.333333333333,JFACT
ore_ont_2848.owl,-1.0,JFACT
ore_ont_11647.owl,4802.333333333333,JFACT
ore_ont_4610.owl,18366.666666666668,JFACT
ore_ont_14936.owl,3190.666666666666,JFACT
ore_ont_10407.owl,2154.0,JFACT
ore_ont_1016.owl,1800000.0,JFACT
ore_ont_4598.owl,1800000.0,JFACT
ore_ont_15013.owl,18035.33333333333,JFACT
ore_ont_1445.owl,-1.0,JFACT
ore_ont_14272.owl,2451.333333333333,JFACT
ore_ont_16197.owl,1792.333333333333,JFACT
ore_ont_7578.owl,1800000.0,JFACT
ore_ont_12676.owl,1800000.0,JFACT
ore_ont_7995.owl,2225.333333333333,JFACT
ore_ont_13941.owl,-1.0,JFACT
ore_ont_5602.owl,1800000.0,JFACT
ore_ont_12405.owl,14686.0,JFACT
ore_ont_580.owl,1644.0,JFACT
ore_ont_12039.owl,-1.0,JFACT
ore_ont_4313.owl,2183.0,JFACT
ore_ont_16680.owl,1800000.0,JFACT
ore_ont_6446.owl,2347.333333333333,JFACT
ore_ont_9204.owl,1887.666666666667,JFACT
ore_ont_5263.owl,1889.666666666667,JFACT
ore_ont_10580.owl,2230.0,JFACT
ore_ont_3274.owl,1800000.0,JFACT
ore_ont_16642.owl,8817.666666666666,JFACT
ore_ont_10697.owl,1800000.0,JFACT
ore_ont_8019.owl,2456.6666666666665,JFACT
ore_ont_7828.owl,2143.6666666666665,JFACT
ore_ont_14860.owl,3177.666666666666,JFACT
ore_ont_3414.owl,242723.66666666663,JFACT
ore_ont_13444.owl,3030.333333333333,JFACT
ore_ont_11675.owl,4772.666666666667,JFACT
ore_ont_15882.owl,1405.333333333333,JFACT
ore_ont_13857.owl,-1.0,JFACT
ore_ont_6212.owl,1800000.0,JFACT
ore_ont_7820.owl,1853.666666666667,JFACT
ore_ont_1728.owl,2263.333333333333,JFACT
ore_ont_6765.owl,-1.0,JFACT
ore_ont_9864.owl,2506.6666666666665,JFACT
ore_ont_11298.owl,7401.333333333332,JFACT
ore_ont_9617.owl,3526.0,JFACT
ore_ont_954.owl,1800000.0,JFACT
ore_ont_10362.owl,1791.333333333333,JFACT
ore_ont_13772.owl,1870.333333333333,JFACT
ore_ont_5492.owl,19073.33333333333,JFACT
ore_ont_15612.owl,8209.666666666666,JFACT
ore_ont_2378.owl,2843.0,JFACT
ore_ont_2719.owl,115099.0,JFACT
ore_ont_15273.owl,3088.0,JFACT
ore_ont_2228.owl,1768.666666666667,JFACT
ore_ont_12219.owl,9804.0,JFACT
ore_ont_11685.owl,2326.6666666666665,JFACT
ore_ont_12397.owl,2711.333333333333,JFACT
ore_ont_16289.owl,1685.333333333333,JFACT
ore_ont_16076.owl,1676.0,JFACT
ore_ont_9772.owl,8985.333333333334,JFACT
ore_ont_13106.owl,1800000.0,JFACT
ore_ont_3357.owl,8154.333333333332,JFACT
ore_ont_1870.owl,-1.0,JFACT
ore_ont_3241.owl,26261.66666666667,JFACT
ore_ont_16017.owl,9150.666666666666,JFACT
ore_ont_11125.owl,-1.0,JFACT
ore_ont_14742.owl,1800000.0,JFACT
ore_ont_1397.owl,1800000.0,JFACT
ore_ont_14499.owl,5818.333333333332,JFACT
ore_ont_12528.owl,1800000.0,JFACT
ore_ont_5289.owl,-1.0,JFACT
ore_ont_3592.owl,1757.333333333333,JFACT
ore_ont_5438.owl,1800000.0,JFACT
ore_ont_3931.owl,4924.666666666667,JFACT
ore_ont_12203.owl,1800000.0,JFACT
ore_ont_15331.owl,1433.666666666667,JFACT
ore_ont_11316.owl,4873.0,JFACT
ore_ont_1346.owl,3053.666666666666,JFACT
ore_ont_4410.owl,9215.666666666666,JFACT
ore_ont_524.owl,4566.333333333333,JFACT
ore_ont_8280.owl,1807.666666666667,JFACT
ore_ont_1059.owl,1800000.0,JFACT
ore_ont_6102.owl,1800000.0,JFACT
ore_ont_8396.owl,2981.0,JFACT
ore_ont_10930.owl,372228.33333333326,JFACT
ore_ont_3978.owl,3353.666666666666,JFACT
ore_ont_9031.owl,1846.0,JFACT
ore_ont_9972.owl,-1.0,JFACT
ore_ont_316.owl,9948.0,JFACT
ore_ont_5398.owl,8222.666666666666,JFACT
ore_ont_15344.owl,1800000.0,JFACT
ore_ont_3794.owl,1800000.0,JFACT
ore_ont_15725.owl,1800000.0,JFACT
ore_ont_16630.owl,1943.333333333333,JFACT
ore_ont_15260.owl,26074.66666666667,JFACT
ore_ont_6378.owl,1906.0,JFACT
ore_ont_3381.owl,5891.0,JFACT
ore_ont_1172.owl,1863.333333333333,JFACT
ore_ont_13859.owl,4410.666666666667,JFACT
ore_ont_11484.owl,4580.333333333333,JFACT
ore_ont_2874.owl,1800000.0,JFACT
ore_ont_544.owl,4951.0,JFACT
ore_ont_2491.owl,83288.0,JFACT
ore_ont_16670.owl,1772.666666666667,JFACT
ore_ont_11827.owl,1800000.0,JFACT
ore_ont_13700.owl,8815.333333333334,JFACT
ore_ont_7993.owl,1800000.0,JFACT
ore_ont_13664.owl,74827.33333333331,JFACT
ore_ont_4662.owl,159398.33333333337,JFACT
ore_ont_8755.owl,6726.333333333332,JFACT
ore_ont_4732.owl,6428.0,JFACT
ore_ont_7180.owl,7621.666666666668,JFACT
ore_ont_15413.owl,2157.6666666666665,JFACT
ore_ont_14380.owl,101565.66666666669,JFACT
ore_ont_13129.owl,-1.0,JFACT
ore_ont_1966.owl,1619399.0,JFACT
ore_ont_2496.owl,3540.0,JFACT
ore_ont_11745.owl,1800000.0,JFACT
ore_ont_11452.owl,8906.333333333334,JFACT
ore_ont_10776.owl,3535.0,JFACT
ore_ont_14981.owl,-1.0,JFACT
ore_ont_2608.owl,2321.0,JFACT
ore_ont_894.owl,3656.333333333334,JFACT
ore_ont_5753.owl,54154.33333333334,JFACT
ore_ont_6835.owl,1800000.0,JFACT
ore_ont_15993.owl,202140.66666666663,JFACT
ore_ont_11305.owl,4687.666666666667,JFACT
ore_ont_5080.owl,9729.333333333334,JFACT
ore_ont_8050.owl,2286.6666666666665,JFACT
ore_ont_7455.owl,1800000.0,JFACT
ore_ont_725.owl,3618.333333333334,JFACT
ore_ont_13242.owl,1800000.0,JFACT
ore_ont_15297.owl,4447.666666666667,JFACT
ore_ont_11389.owl,1016581.0,JFACT
ore_ont_4487.owl,638252.0,JFACT
ore_ont_14370.owl,1026.3333333333333,JFACT
ore_ont_8347.owl,18884.666666666668,JFACT
ore_ont_9598.owl,4066.333333333334,JFACT
ore_ont_5258.owl,1919.0,JFACT
ore_ont_2253.owl,1800000.0,JFACT
ore_ont_1954.owl,8126.666666666668,JFACT
ore_ont_1526.owl,1720.333333333333,JFACT
ore_ont_2632.owl,-1.0,JFACT
ore_ont_3164.owl,1800000.0,JFACT
ore_ont_9002.owl,1840.333333333333,JFACT
ore_ont_10537.owl,1849.666666666667,JFACT
ore_ont_16321.owl,1968.333333333333,JFACT
ore_ont_13680.owl,1819.333333333333,JFACT
ore_ont_9662.owl,1800000.0,JFACT
ore_ont_10032.owl,1800000.0,JFACT
ore_ont_4733.owl,41433.333333333336,JFACT
ore_ont_16457.owl,-1.0,JFACT
ore_ont_7776.owl,2838.666666666666,JFACT
ore_ont_8335.owl,2017.666666666667,JFACT
ore_ont_3884.owl,2302.333333333333,JFACT
ore_ont_9998.owl,7605.333333333332,JFACT
ore_ont_11559.owl,373869.0,JFACT
ore_ont_1784.owl,2378.0,JFACT
ore_ont_10516.owl,2196.333333333333,JFACT
ore_ont_9509.owl,1758.0,JFACT
ore_ont_8148.owl,-1.0,JFACT
ore_ont_15407.owl,5741.0,JFACT
ore_ont_11519.owl,1800000.0,JFACT
ore_ont_5983.owl,5174.666666666667,JFACT
ore_ont_4617.owl,692146.0,JFACT
ore_ont_11282.owl,134761.33333333337,JFACT
ore_ont_6951.owl,2599.333333333333,JFACT
ore_ont_5141.owl,1800000.0,JFACT
ore_ont_10413.owl,1854.666666666667,JFACT
ore_ont_6847.owl,9088.0,JFACT
ore_ont_14452.owl,-1.0,JFACT
ore_ont_7938.owl,3593.0,JFACT
ore_ont_2302.owl,1800000.0,JFACT
ore_ont_9037.owl,-1.0,JFACT
ore_ont_9790.owl,4563.666666666667,JFACT
ore_ont_11522.owl,2065.6666666666665,JFACT
ore_ont_15461.owl,1899.333333333333,JFACT
ore_ont_13277.owl,1838.0,JFACT
ore_ont_12087.owl,1800000.0,JFACT
ore_ont_4423.owl,10390.333333333334,JFACT
ore_ont_7536.owl,295537.33333333326,JFACT
ore_ont_15652.owl,2129.6666666666665,JFACT
ore_ont_14012.owl,1800000.0,JFACT
ore_ont_2338.owl,2368.6666666666665,JFACT
ore_ont_7356.owl,20561.33333333333,JFACT
ore_ont_9422.owl,-1.0,JFACT
ore_ont_16822.owl,9793.333333333334,JFACT
ore_ont_6696.owl,2908.333333333333,JFACT
ore_ont_1494.owl,2304.6666666666665,JFACT
ore_ont_269.owl,254804.33333333328,JFACT
ore_ont_3737.owl,1800000.0,JFACT
ore_ont_399.owl,7537.666666666668,JFACT
ore_ont_12360.owl,1819.0,JFACT
ore_ont_14412.owl,2032.666666666667,JFACT
ore_ont_9122.owl,3192.666666666666,JFACT
ore_ont_8911.owl,8798.0,JFACT
ore_ont_7610.owl,3373.333333333333,JFACT
ore_ont_16461.owl,1964.333333333333,JFACT
ore_ont_6892.owl,-1.0,JFACT
ore_ont_586.owl,2336.333333333333,JFACT
ore_ont_6146.owl,15257.333333333336,JFACT
ore_ont_8475.owl,1800000.0,JFACT
ore_ont_6108.owl,1800000.0,JFACT
ore_ont_15010.owl,2828.666666666666,JFACT
ore_ont_16105.owl,95711.0,JFACT
ore_ont_14355.owl,1800000.0,JFACT
ore_ont_15803.owl,1800000.0,JFACT
ore_ont_3313.owl,3897.333333333334,JFACT
ore_ont_16283.owl,177767.66666666663,JFACT
ore_ont_10952.owl,4061.0,JFACT
ore_ont_2783.owl,-1.0,JFACT
ore_ont_3292.owl,1829.0,JFACT
ore_ont_8068.owl,1800000.0,JFACT
ore_ont_507.owl,5877.666666666668,JFACT
ore_ont_3205.owl,1762.333333333333,JFACT
ore_ont_13530.owl,1728.0,JFACT
ore_ont_13035.owl,2362.6666666666665,JFACT
ore_ont_10019.owl,1959.0,JFACT
ore_ont_16124.owl,10307.333333333334,JFACT
ore_ont_15108.owl,3800.666666666666,JFACT
ore_ont_15450.owl,-1.0,JFACT
ore_ont_9666.owl,1620.0,JFACT
ore_ont_11149.owl,1901.333333333333,JFACT
ore_ont_13082.owl,5737.666666666668,JFACT
ore_ont_9739.owl,463003.33333333326,JFACT
ore_ont_11411.owl,4546.333333333333,JFACT
ore_ont_16255.owl,2713.0,JFACT
ore_ont_15224.owl,3976.0,JFACT
ore_ont_15583.owl,5906.333333333332,JFACT
ore_ont_1756.owl,2432.333333333333,JFACT
ore_ont_3003.owl,3614.666666666666,JFACT
ore_ont_11198.owl,677288.0,JFACT
ore_ont_6065.owl,5159.0,JFACT
ore_ont_4855.owl,1632.666666666667,JFACT
ore_ont_8641.owl,10213.0,JFACT
ore_ont_7532.owl,1800000.0,JFACT
ore_ont_8021.owl,4651.666666666667,JFACT
ore_ont_10309.owl,1514.666666666667,JFACT
ore_ont_10230.owl,2152.333333333333,JFACT
ore_ont_16542.owl,43074.333333333336,JFACT
ore_ont_4503.owl,8883.0,JFACT
ore_ont_766.owl,2417.333333333333,JFACT
ore_ont_3508.owl,484473.33333333326,JFACT
ore_ont_6983.owl,2329.333333333333,JFACT
ore_ont_7416.owl,1800000.0,JFACT
ore_ont_307.owl,26515.0,JFACT
ore_ont_10270.owl,-1.0,JFACT
ore_ont_11554.owl,2780.0,JFACT
ore_ont_9794.owl,873589.0,JFACT
ore_ont_13413.owl,3676.0,JFACT
ore_ont_13964.owl,208542.0,JFACT
ore_ont_1672.owl,8388.333333333334,JFACT
ore_ont_1473.owl,2394.333333333333,JFACT
ore_ont_6478.owl,593668.6666666665,JFACT
ore_ont_8989.owl,3392.333333333333,JFACT
ore_ont_4903.owl,12414.0,JFACT
ore_ont_15160.owl,1598.0,JFACT
ore_ont_15059.owl,1800000.0,JFACT
ore_ont_9944.owl,867107.6666666665,JFACT
ore_ont_14341.owl,1883.333333333333,JFACT
ore_ont_950.owl,7523.666666666668,JFACT
ore_ont_16414.owl,1800000.0,JFACT
ore_ont_10906.owl,1918.333333333333,JFACT
ore_ont_5781.owl,1800000.0,JFACT
ore_ont_9240.owl,3739.666666666666,JFACT
ore_ont_1559.owl,1800000.0,JFACT
ore_ont_13000.owl,29280.0,JFACT
ore_ont_9119.owl,496446.33333333326,JFACT
ore_ont_8759.owl,4095.333333333334,JFACT
ore_ont_9318.owl,1800000.0,JFACT
ore_ont_16303.owl,10247.666666666666,JFACT
ore_ont_15372.owl,164589.66666666663,JFACT
ore_ont_11126.owl,16892.0,JFACT
ore_ont_7418.owl,1975.666666666667,JFACT
ore_ont_6258.owl,2236.0,JFACT
ore_ont_2526.owl,1978.0,JFACT
ore_ont_7079.owl,8238.666666666666,JFACT
ore_ont_13336.owl,8250.666666666666,JFACT
ore_ont_16847.owl,2925.0,JFACT
ore_ont_2397.owl,1800000.0,JFACT
ore_ont_955.owl,1800000.0,JFACT
ore_ont_12012.owl,769661.0,JFACT
ore_ont_4235.owl,44475.0,JFACT
ore_ont_10326.owl,7098.333333333332,JFACT
ore_ont_14367.owl,-1.0,JFACT
ore_ont_15280.owl,1800000.0,JFACT
ore_ont_11464.owl,1800000.0,JFACT
ore_ont_7823.owl,99436.66666666669,JFACT
ore_ont_14128.owl,1656.0,JFACT
ore_ont_8142.owl,2285.0,JFACT
ore_ont_14175.owl,1966.0,JFACT
ore_ont_12474.owl,-1.0,JFACT
ore_ont_9867.owl,1651.333333333333,JFACT
ore_ont_7327.owl,2860.333333333333,JFACT
ore_ont_15167.owl,1867.0,JFACT
ore_ont_6223.owl,1800000.0,JFACT
ore_ont_6134.owl,1800000.0,JFACT
ore_ont_12723.owl,1800000.0,JFACT
ore_ont_1370.owl,1800000.0,JFACT
ore_ont_15871.owl,2982.666666666666,JFACT
ore_ont_16800.owl,45322.33333333334,JFACT
ore_ont_1517.owl,-1.0,JFACT
ore_ont_12653.owl,1914.0,JFACT
ore_ont_1646.owl,2802.666666666666,JFACT
ore_ont_2063.owl,2143.333333333333,JFACT
ore_ont_12936.owl,40860.66666666666,JFACT
ore_ont_13359.owl,502073.33333333326,JFACT
ore_ont_7858.owl,204824.33333333328,JFACT
ore_ont_9186.owl,-1.0,JFACT
ore_ont_12957.owl,1595.666666666667,JFACT
ore_ont_13704.owl,1722.666666666667,JFACT
ore_ont_5965.owl,90494.0,JFACT
ore_ont_7204.owl,652327.6666666665,JFACT
ore_ont_14286.owl,16550.0,JFACT
ore_ont_12253.owl,1841.666666666667,JFACT
ore_ont_5475.owl,1800000.0,JFACT
ore_ont_5303.owl,2311.0,JFACT
ore_ont_5841.owl,12354.0,JFACT
ore_ont_13220.owl,1000387.6666666664,JFACT
ore_ont_3270.owl,1602.333333333333,JFACT
ore_ont_14312.owl,209247.0,JFACT
ore_ont_5849.owl,-1.0,JFACT
ore_ont_15133.owl,1800000.0,JFACT
ore_ont_10754.owl,3546.333333333333,JFACT
ore_ont_16750.owl,7530.666666666668,JFACT
ore_ont_7278.owl,1998.666666666667,JFACT
ore_ont_10908.owl,10132.666666666666,JFACT
ore_ont_2678.owl,1713.0,JFACT
ore_ont_15623.owl,7262.0,JFACT
ore_ont_11889.owl,1997.333333333333,JFACT
ore_ont_8634.owl,585640.0,JFACT
ore_ont_16853.owl,71027.0,JFACT
ore_ont_4936.owl,1669.0,JFACT
ore_ont_11016.owl,1909.333333333333,JFACT
ore_ont_1958.owl,3853.666666666666,JFACT
ore_ont_11572.owl,2239.333333333333,JFACT
ore_ont_13646.owl,2588.0,JFACT
ore_ont_12698.owl,1800000.0,JFACT
ore_ont_1342.owl,1689.666666666667,JFACT
ore_ont_2720.owl,2044.0,JFACT
ore_ont_9668.owl,-1.0,JFACT
ore_ont_2604.owl,4891.0,JFACT
ore_ont_14042.owl,1800000.0,JFACT
ore_ont_4188.owl,7393.333333333332,JFACT
ore_ont_4669.owl,1800000.0,JFACT
ore_ont_12931.owl,2352.0,JFACT
ore_ont_1406.owl,2600.6666666666665,JFACT
ore_ont_13762.owl,-1.0,JFACT
ore_ont_5448.owl,-1.0,JFACT
ore_ont_231.owl,1839.0,JFACT
ore_ont_12522.owl,1800000.0,JFACT
ore_ont_16558.owl,5975.666666666668,JFACT
ore_ont_11553.owl,1800000.0,JFACT
ore_ont_10088.owl,1579.0,JFACT
ore_ont_4460.owl,7632.0,JFACT
ore_ont_8441.owl,203919.0,JFACT
ore_ont_10004.owl,2647.333333333333,JFACT
ore_ont_12635.owl,3590.0,JFACT
ore_ont_14909.owl,116597.33333333331,JFACT
ore_ont_345.owl,1800000.0,JFACT
ore_ont_5690.owl,45896.33333333334,JFACT
ore_ont_960.owl,-1.0,JFACT
ore_ont_14154.owl,1800000.0,JFACT
ore_ont_13299.owl,-1.0,JFACT
ore_ont_12992.owl,283290.33333333326,JFACT
ore_ont_14327.owl,1641.333333333333,JFACT
ore_ont_12150.owl,1624.333333333333,JFACT
ore_ont_14185.owl,1765.666666666667,JFACT
ore_ont_4938.owl,1800000.0,JFACT
ore_ont_9654.owl,-1.0,JFACT
ore_ont_6726.owl,530047.3333333335,JFACT
ore_ont_2569.owl,3782.666666666666,JFACT
ore_ont_7237.owl,7796.0,JFACT
ore_ont_7706.owl,284143.33333333326,JFACT
ore_ont_7507.owl,1800000.0,JFACT
ore_ont_16759.owl,8805.333333333334,JFACT
ore_ont_12084.owl,2359.6666666666665,JFACT
ore_ont_12342.owl,2443.6666666666665,JFACT
ore_ont_7120.owl,2570.6666666666665,JFACT
ore_ont_14926.owl,1606.0,JFACT
ore_ont_6967.owl,2468.6666666666665,JFACT
ore_ont_11676.owl,1612.666666666667,JFACT
ore_ont_8781.owl,-1.0,JFACT
ore_ont_3909.owl,1480.333333333333,JFACT
ore_ont_13885.owl,1766.0,JFACT
ore_ont_13234.owl,1862.0,JFACT
ore_ont_5964.owl,-1.0,JFACT
ore_ont_10321.owl,1445.333333333333,JFACT
ore_ont_14767.owl,7483.666666666668,JFACT
ore_ont_20.owl,107796.33333333331,JFACT
ore_ont_5376.owl,2989.333333333333,JFACT
ore_ont_2837.owl,1618.333333333333,JFACT
ore_ont_11500.owl,195607.33333333328,JFACT
ore_ont_12448.owl,1800000.0,JFACT
ore_ont_1330.owl,1800000.0,JFACT
ore_ont_9249.owl,4163.0,JFACT
ore_ont_1834.owl,1977.0,JFACT
ore_ont_10391.owl,17902.333333333332,JFACT
ore_ont_2333.owl,10593.333333333334,JFACT
ore_ont_4577.owl,394873.0,JFACT
ore_ont_12764.owl,2552.0,JFACT
ore_ont_9096.owl,2651.333333333333,JFACT
ore_ont_13937.owl,-1.0,JFACT
ore_ont_15237.owl,1800000.0,JFACT
ore_ont_12965.owl,4300.666666666667,JFACT
ore_ont_13233.owl,1800000.0,JFACT
ore_ont_10242.owl,9041.666666666666,JFACT
ore_ont_1066.owl,1800000.0,JFACT
ore_ont_5519.owl,1800000.0,JFACT
ore_ont_4668.owl,1872.0,JFACT
ore_ont_3352.owl,2051.6666666666665,JFACT
ore_ont_16054.owl,2085.6666666666665,JFACT
ore_ont_1833.owl,42748.66666666666,JFACT
ore_ont_15753.owl,1958.333333333333,JFACT
ore_ont_10431.owl,1880.333333333333,JFACT
ore_ont_8719.owl,-1.0,JFACT
ore_ont_14572.owl,1800000.0,JFACT
ore_ont_3775.owl,1547.666666666667,JFACT
ore_ont_7818.owl,-1.0,JFACT
ore_ont_14153.owl,3497.666666666666,JFACT
ore_ont_16267.owl,1777.666666666667,JFACT
ore_ont_6198.owl,1800000.0,JFACT
ore_ont_2011.owl,2243.6666666666665,JFACT
ore_ont_3680.owl,36369.333333333336,JFACT
ore_ont_16428.owl,1800000.0,JFACT
ore_ont_16511.owl,-1.0,JFACT
ore_ont_1012.owl,1800000.0,JFACT
ore_ont_12433.owl,2923.0,JFACT
ore_ont_4074.owl,1942.666666666667,JFACT
ore_ont_10366.owl,4155.333333333333,JFACT
ore_ont_6952.owl,1800000.0,JFACT
ore_ont_13776.owl,-1.0,JFACT
ore_ont_6470.owl,1554.333333333333,JFACT
ore_ont_5213.owl,2752.0,JFACT
ore_ont_4162.owl,-1.0,JFACT
ore_ont_14818.owl,5444.333333333333,JFACT
ore_ont_5688.owl,2773.666666666666,JFACT
ore_ont_2652.owl,1683.0,JFACT
ore_ont_15793.owl,65003.0,JFACT
ore_ont_4671.owl,2181.6666666666665,JFACT
ore_ont_8480.owl,-1.0,JFACT
ore_ont_15696.owl,709937.3333333335,JFACT
ore_ont_1508.owl,1800000.0,JFACT
ore_ont_6233.owl,1800000.0,JFACT
ore_ont_4983.owl,2200.0,JFACT
ore_ont_9894.owl,366865.33333333326,JFACT
ore_ont_15226.owl,-1.0,JFACT
ore_ont_12651.owl,1800000.0,JFACT
ore_ont_14684.owl,-1.0,JFACT
ore_ont_14123.owl,5223.666666666667,JFACT
ore_ont_15099.owl,532671.3333333335,JFACT
ore_ont_2738.owl,1800000.0,JFACT
ore_ont_6855.owl,1500.666666666667,JFACT
ore_ont_2046.owl,1800000.0,JFACT
ore_ont_11395.owl,1800000.0,JFACT
ore_ont_2577.owl,-1.0,JFACT
ore_ont_14331.owl,-1.0,JFACT
ore_ont_8949.owl,1546.0,JFACT
ore_ont_2317.owl,1800000.0,JFACT
ore_ont_16089.owl,908697.6666666664,JFACT
ore_ont_11778.owl,1800000.0,JFACT
ore_ont_13805.owl,8974.666666666666,JFACT
ore_ont_10874.owl,2179.333333333333,JFACT
ore_ont_5664.owl,11458.666666666664,JFACT
ore_ont_6737.owl,6965.666666666668,JFACT
ore_ont_4263.owl,-1.0,JFACT
ore_ont_11792.owl,2227.6666666666665,JFACT
ore_ont_7581.owl,1800000.0,JFACT
ore_ont_2578.owl,37199.66666666666,JFACT
ore_ont_7226.owl,28155.66666666667,JFACT
ore_ont_15860.owl,2631.333333333333,JFACT
ore_ont_3696.owl,1788628.0,JFACT
ore_ont_3780.owl,2090.6666666666665,JFACT
ore_ont_10162.owl,2280.6666666666665,JFACT
ore_ont_3516.owl,6892.0,JFACT
ore_ont_10503.owl,2371.0,JFACT
ore_ont_11896.owl,6851.333333333332,JFACT
ore_ont_12372.owl,3214.0,JFACT
ore_ont_3053.owl,1668.333333333333,JFACT
ore_ont_16596.owl,1800000.0,JFACT
ore_ont_15944.owl,6463.0,JFACT
ore_ont_2504.owl,759147.3333333335,JFACT
ore_ont_5507.owl,105629.33333333331,JFACT
ore_ont_6542.owl,2226.333333333333,JFACT
ore_ont_11703.owl,4313.666666666667,JFACT
ore_ont_8974.owl,1592.666666666667,JFACT
ore_ont_7015.owl,13590.333333333336,JFACT
ore_ont_10285.owl,1971.666666666667,JFACT
ore_ont_11362.owl,4155.0,JFACT
ore_ont_11629.owl,1800000.0,JFACT
ore_ont_13018.owl,1667.333333333333,JFACT
ore_ont_16746.owl,1800000.0,JFACT
ore_ont_14800.owl,1985.0,JFACT
ore_ont_6009.owl,13409.333333333336,JFACT
ore_ont_1533.owl,9438.0,JFACT
ore_ont_15544.owl,-1.0,JFACT
ore_ont_7179.owl,1831.333333333333,JFACT
ore_ont_10742.owl,4145.333333333333,JFACT
ore_ont_6812.owl,1632.666666666667,JFACT
ore_ont_5857.owl,1800000.0,JFACT
ore_ont_7370.owl,1800000.0,JFACT
ore_ont_4961.owl,2647.0,JFACT
ore_ont_5002.owl,24956.66666666667,JFACT
ore_ont_13837.owl,10592.333333333334,JFACT
ore_ont_380.owl,2475.6666666666665,JFACT
ore_ont_6452.owl,9930.0,JFACT
ore_ont_2828.owl,1800000.0,JFACT
ore_ont_11426.owl,245654.33333333328,JFACT
ore_ont_6483.owl,8369.0,JFACT
ore_ont_8864.owl,35735.0,JFACT
ore_ont_5509.owl,1918.333333333333,JFACT
ore_ont_8688.owl,-1.0,JFACT
ore_ont_14587.owl,9748.0,JFACT
ore_ont_16114.owl,21963.666666666668,JFACT
ore_ont_14556.owl,1800000.0,JFACT
ore_ont_8169.owl,1658.0,JFACT
ore_ont_10571.owl,2129.6666666666665,JFACT
ore_ont_165.owl,1870.333333333333,JFACT
ore_ont_9347.owl,186418.0,JFACT
ore_ont_10965.owl,1600419.0,JFACT
ore_ont_7195.owl,23280.66666666667,JFACT
ore_ont_5974.owl,100975.66666666669,JFACT
ore_ont_11124.owl,1800000.0,JFACT
ore_ont_9251.owl,2973.666666666666,JFACT
ore_ont_15971.owl,1380.0,JFACT
ore_ont_3282.owl,-1.0,JFACT
ore_ont_3102.owl,4677.0,JFACT
ore_ont_3835.owl,2065.333333333333,JFACT
ore_ont_1422.owl,109124.0,JFACT
ore_ont_3781.owl,13500.0,JFACT
ore_ont_12410.owl,18254.666666666668,JFACT
ore_ont_7646.owl,-1.0,JFACT
ore_ont_4782.owl,577121.6666666665,JFACT
ore_ont_3789.owl,1533.666666666667,JFACT
ore_ont_10136.owl,1800000.0,JFACT
ore_ont_4223.owl,1646.333333333333,JFACT
ore_ont_15318.owl,1517.0,JFACT
ore_ont_13132.owl,1714.0,JFACT
ore_ont_16708.owl,2248.333333333333,JFACT
ore_ont_5774.owl,1621.0,JFACT
ore_ont_8462.owl,1655.0,JFACT
ore_ont_3406.owl,142829.33333333337,JFACT
ore_ont_6358.owl,7041.0,JFACT
ore_ont_1886.owl,1800000.0,JFACT
ore_ont_15621.owl,1800000.0,JFACT
ore_ont_8948.owl,2310.0,JFACT
ore_ont_11014.owl,2896.0,JFACT
ore_ont_16547.owl,17848.666666666668,JFACT
ore_ont_15291.owl,2126.0,JFACT
ore_ont_16166.owl,2027.333333333333,JFACT
ore_ont_11009.owl,3496.333333333333,JFACT
ore_ont_336.owl,7518.666666666668,JFACT
ore_ont_14194.owl,9642.333333333334,JFACT
ore_ont_3635.owl,2916.0,JFACT
ore_ont_13665.owl,19060.33333333333,JFACT
ore_ont_1501.owl,23928.0,JFACT
ore_ont_13204.owl,1528.0,JFACT
ore_ont_1746.owl,1616.333333333333,JFACT
ore_ont_786.owl,1800000.0,JFACT
ore_ont_5596.owl,1800000.0,JFACT
ore_ont_6682.owl,1800000.0,JFACT
ore_ont_14518.owl,1655.0,JFACT
ore_ont_9767.owl,1800000.0,JFACT
ore_ont_1509.owl,4496.0,JFACT
ore_ont_4567.owl,-1.0,JFACT
ore_ont_13301.owl,1762.333333333333,JFACT
ore_ont_4106.owl,1455.333333333333,JFACT
ore_ont_4639.owl,24820.33333333333,JFACT
ore_ont_5548.owl,1800000.0,JFACT
ore_ont_15074.owl,1800000.0,JFACT
ore_ont_5418.owl,1800000.0,JFACT
ore_ont_1707.owl,17873.666666666668,JFACT
ore_ont_1790.owl,-1.0,JFACT
ore_ont_15363.owl,17219.0,JFACT
ore_ont_2654.owl,1768.333333333333,JFACT
ore_ont_1270.owl,-1.0,JFACT
ore_ont_16312.owl,2784.666666666666,JFACT
ore_ont_10460.owl,3150.333333333333,JFACT
ore_ont_14381.owl,2305.0,JFACT
ore_ont_7052.owl,2657.6666666666665,JFACT
ore_ont_990.owl,8519.666666666666,JFACT
ore_ont_7394.owl,2064.6666666666665,JFACT
ore_ont_7102.owl,-1.0,JFACT
ore_ont_16039.owl,5295.666666666667,JFACT
ore_ont_7890.owl,1905.0,JFACT
ore_ont_5487.owl,23748.0,JFACT
ore_ont_8975.owl,2252.6666666666665,JFACT
ore_ont_5204.owl,2051.333333333333,JFACT
ore_ont_8042.owl,59974.66666666666,JFACT
ore_ont_5665.owl,2115.6666666666665,JFACT
ore_ont_6815.owl,-1.0,JFACT
ore_ont_16191.owl,2270.6666666666665,JFACT
ore_ont_13451.owl,8022.333333333332,JFACT
ore_ont_6298.owl,2418.6666666666665,JFACT
ore_ont_3060.owl,2038.333333333333,JFACT
ore_ont_10125.owl,1800000.0,JFACT
ore_ont_1997.owl,2448.333333333333,JFACT
ore_ont_7608.owl,66770.0,JFACT
ore_ont_318.owl,1800000.0,JFACT
ore_ont_12567.owl,1800000.0,JFACT
ore_ont_3377.owl,1800000.0,JFACT
ore_ont_6453.owl,45769.33333333334,JFACT
ore_ont_13755.owl,6280.0,JFACT
ore_ont_14667.owl,3966.0,JFACT
ore_ont_10890.owl,6096.333333333332,JFACT
ore_ont_5617.owl,1800000.0,JFACT
ore_ont_4952.owl,1600945.333333333,JFACT
ore_ont_9567.owl,1800000.0,JFACT
ore_ont_16619.owl,1800000.0,JFACT
ore_ont_8327.owl,2067.0,JFACT
ore_ont_8417.owl,7634.0,JFACT
ore_ont_13851.owl,7689.666666666668,JFACT
ore_ont_15685.owl,2196.6666666666665,JFACT
ore_ont_13355.owl,1800000.0,JFACT
ore_ont_4198.owl,2260.0,JFACT
ore_ont_1115.owl,411034.66666666674,JFACT
ore_ont_2531.owl,-1.0,JFACT
ore_ont_12892.owl,3165.666666666666,JFACT
ore_ont_6469.owl,-1.0,JFACT
ore_ont_10073.owl,1800000.0,JFACT
ore_ont_16701.owl,1800000.0,JFACT
ore_ont_14826.owl,1767.0,JFACT
ore_ont_11357.owl,1597.666666666667,JFACT
ore_ont_8203.owl,6441.333333333332,JFACT
ore_ont_10176.owl,1939.666666666667,JFACT
ore_ont_5462.owl,12322.0,JFACT
ore_ont_15103.owl,1718.333333333333,JFACT
ore_ont_6905.owl,4986.0,JFACT
ore_ont_5295.owl,1800000.0,JFACT
ore_ont_5940.owl,2377.0,JFACT
ore_ont_1112.owl,12509.333333333336,JFACT
ore_ont_891.owl,7540.333333333332,JFACT
ore_ont_15976.owl,1800000.0,JFACT
ore_ont_2111.owl,1800000.0,JFACT
ore_ont_14924.owl,1889.333333333333,JFACT
ore_ont_1734.owl,25019.33333333333,JFACT
ore_ont_13405.owl,2231.0,JFACT
ore_ont_13100.owl,1861.666666666667,JFACT
ore_ont_15672.owl,1926.333333333333,JFACT
ore_ont_9402.owl,3596.666666666666,JFACT
ore_ont_12152.owl,8836.333333333334,JFACT
ore_ont_770.owl,7147.666666666668,JFACT
ore_ont_5292.owl,-1.0,JFACT
ore_ont_14325.owl,1723.333333333333,JFACT
ore_ont_7956.owl,1800000.0,JFACT
ore_ont_12112.owl,1718.333333333333,JFACT
ore_ont_13752.owl,1800000.0,JFACT
ore_ont_11502.owl,28265.33333333333,JFACT
ore_ont_6792.owl,161894.33333333337,JFACT
ore_ont_6035.owl,1800000.0,JFACT
ore_ont_12901.owl,1800000.0,JFACT
ore_ont_6485.owl,1975.666666666667,JFACT
ore_ont_1618.owl,1409.666666666667,JFACT
ore_ont_3806.owl,1692.666666666667,JFACT
ore_ont_11371.owl,1666.0,JFACT
ore_ont_964.owl,13259.0,JFACT
ore_ont_15178.owl,104575.66666666669,JFACT
ore_ont_15682.owl,-1.0,JFACT
ore_ont_3910.owl,7888.666666666668,JFACT
ore_ont_16535.owl,2001.0,JFACT
ore_ont_5549.owl,1800000.0,JFACT
ore_ont_9884.owl,3578.0,JFACT
ore_ont_10568.owl,-1.0,JFACT
ore_ont_9046.owl,1194178.0,JFACT
ore_ont_9577.owl,-1.0,JFACT
ore_ont_9855.owl,1800000.0,JFACT
ore_ont_15418.owl,1800000.0,JFACT
ore_ont_2513.owl,1800000.0,JFACT
ore_ont_3797.owl,17108.0,JFACT
ore_ont_14878.owl,6510.0,JFACT
ore_ont_16806.owl,3464.666666666666,JFACT
ore_ont_14321.owl,1836.0,JFACT
ore_ont_3480.owl,23153.33333333333,JFACT
ore_ont_5564.owl,1857.666666666667,JFACT
ore_ont_16666.owl,-1.0,JFACT
ore_ont_4033.owl,722912.0,JFACT
ore_ont_14031.owl,3074.0,JFACT
ore_ont_2677.owl,4860.0,JFACT
ore_ont_14450.owl,6079.0,JFACT
ore_ont_13298.owl,2359.6666666666665,JFACT
ore_ont_11287.owl,5698.333333333332,JFACT
ore_ont_14223.owl,92170.33333333331,JFACT
ore_ont_9792.owl,5511.0,JFACT
ore_ont_7540.owl,170150.0,JFACT
ore_ont_8432.owl,461260.0,JFACT
ore_ont_4827.owl,2156.0,JFACT
ore_ont_13503.owl,1320.6666666666667,JFACT
ore_ont_7464.owl,1357.0,JFACT
ore_ont_6870.owl,10677.666666666666,JFACT
ore_ont_10991.owl,12490.0,JFACT
ore_ont_11459.owl,1800000.0,JFACT
ore_ont_105.owl,1533.666666666667,JFACT
ore_ont_12414.owl,1800000.0,JFACT
ore_ont_4429.owl,-1.0,JFACT
ore_ont_14574.owl,4842.666666666667,JFACT
ore_ont_16586.owl,1800000.0,JFACT
ore_ont_4032.owl,1988.333333333333,JFACT
ore_ont_7127.owl,1800000.0,JFACT
ore_ont_8916.owl,2113.6666666666665,JFACT
ore_ont_1988.owl,1524.333333333333,JFACT
ore_ont_260.owl,7449.333333333332,JFACT
ore_ont_16420.owl,-1.0,JFACT
ore_ont_15292.owl,2487.6666666666665,JFACT
ore_ont_15397.owl,1886.0,JFACT
ore_ont_6149.owl,2030.0,JFACT
ore_ont_12007.owl,1505.333333333333,JFACT
ore_ont_11639.owl,1465.0,JFACT
ore_ont_16632.owl,9952.666666666666,JFACT
ore_ont_338.owl,1438.333333333333,JFACT
ore_ont_12898.owl,1800000.0,JFACT
ore_ont_13474.owl,3601.0,JFACT
ore_ont_4388.owl,1800000.0,JFACT
ore_ont_11457.owl,131383.66666666663,JFACT
ore_ont_840.owl,67517.33333333331,JFACT
ore_ont_9854.owl,1316.3333333333333,JFACT
ore_ont_16559.owl,11163.666666666664,JFACT
ore_ont_9904.owl,1431.0,JFACT
ore_ont_11694.owl,1746.0,JFACT
ore_ont_7775.owl,6148.333333333332,JFACT
ore_ont_8786.owl,1800000.0,JFACT
ore_ont_4578.owl,5100.333333333333,JFACT
ore_ont_4049.owl,-1.0,JFACT
ore_ont_10949.owl,13175.666666666664,JFACT
ore_ont_14353.owl,1897.666666666667,JFACT
ore_ont_15172.owl,1246795.666666667,JFACT
ore_ont_9429.owl,-1.0,JFACT
ore_ont_4737.owl,10804.0,JFACT
ore_ont_10348.owl,5710.0,JFACT
ore_ont_5260.owl,1800000.0,JFACT
ore_ont_9612.owl,20036.0,JFACT
ore_ont_8563.owl,5352.0,JFACT
ore_ont_430.owl,2616.6666666666665,JFACT
ore_ont_15991.owl,315434.66666666674,JFACT
ore_ont_13483.owl,2386.6666666666665,JFACT
ore_ont_12916.owl,5104.0,JFACT
ore_ont_5840.owl,1800000.0,JFACT
ore_ont_11906.owl,15981.0,JFACT
ore_ont_13136.owl,1800000.0,JFACT
ore_ont_1194.owl,1800000.0,JFACT
ore_ont_568.owl,1911.333333333333,JFACT
ore_ont_11004.owl,1424.666666666667,JFACT
ore_ont_3500.owl,6381.0,JFACT
ore_ont_11817.owl,1800000.0,JFACT
ore_ont_1634.owl,1800000.0,JFACT
ore_ont_14906.owl,6436.0,JFACT
ore_ont_589.owl,12250.333333333336,JFACT
ore_ont_85.owl,1483.333333333333,JFACT
ore_ont_4744.owl,1800000.0,JFACT
ore_ont_15355.owl,8085.333333333332,JFACT
ore_ont_8723.owl,1800000.0,JFACT
ore_ont_5193.owl,388332.0,JFACT
ore_ont_5255.owl,1354.3333333333333,JFACT
ore_ont_4363.owl,7920.333333333332,JFACT
ore_ont_16157.owl,2083.0,JFACT
ore_ont_13097.owl,1554.0,JFACT
ore_ont_15968.owl,150147.33333333337,JFACT
ore_ont_7680.owl,6606.666666666668,JFACT
ore_ont_15399.owl,1301.6666666666667,JFACT
ore_ont_7003.owl,1404.333333333333,JFACT
ore_ont_283.owl,1130415.0,JFACT
ore_ont_8171.owl,-1.0,JFACT
ore_ont_3733.owl,1800000.0,JFACT
ore_ont_15210.owl,1417.333333333333,JFACT
ore_ont_10805.owl,1477.666666666667,JFACT
ore_ont_12743.owl,-1.0,JFACT
ore_ont_4469.owl,1958.666666666667,JFACT
ore_ont_15063.owl,9430.0,JFACT
ore_ont_7817.owl,3546.0,JFACT
ore_ont_15058.owl,1575.333333333333,JFACT
ore_ont_4570.owl,1800000.0,JFACT
ore_ont_9736.owl,1382.0,JFACT
ore_ont_12432.owl,1800000.0,JFACT
ore_ont_980.owl,6505.333333333332,JFACT
ore_ont_6132.owl,-1.0,JFACT
ore_ont_9386.owl,1800000.0,JFACT
ore_ont_5834.owl,47645.66666666666,JFACT
ore_ont_11597.owl,349977.0,JFACT
ore_ont_457.owl,2781.666666666666,JFACT
ore_ont_4428.owl,1357.3333333333333,JFACT
ore_ont_11003.owl,1423.666666666667,JFACT
ore_ont_3237.owl,1800000.0,JFACT
ore_ont_16008.owl,1800000.0,JFACT
ore_ont_699.owl,-1.0,JFACT
ore_ont_205.owl,1800000.0,JFACT
ore_ont_13337.owl,-1.0,JFACT
ore_ont_10926.owl,-1.0,JFACT
ore_ont_13578.owl,2640.0,JFACT
ore_ont_1524.owl,1577.0,JFACT
ore_ont_5103.owl,1800000.0,JFACT
ore_ont_6477.owl,1800000.0,JFACT
ore_ont_4412.owl,1800000.0,JFACT
ore_ont_3329.owl,-1.0,JFACT
ore_ont_4035.owl,1809.0,JFACT
ore_ont_3575.owl,1800000.0,JFACT
ore_ont_10985.owl,-1.0,JFACT
ore_ont_3114.owl,-1.0,JFACT
ore_ont_15341.owl,12956.333333333336,JFACT
ore_ont_2022.owl,2464.333333333333,JFACT
ore_ont_4208.owl,1800000.0,JFACT
ore_ont_14459.owl,1800000.0,JFACT
ore_ont_5220.owl,1896.333333333333,JFACT
ore_ont_762.owl,1800000.0,JFACT
ore_ont_9943.owl,2815.0,JFACT
ore_ont_6443.owl,6175.0,JFACT
ore_ont_10769.owl,1396.0,JFACT
ore_ont_5266.owl,3109.0,JFACT
ore_ont_7203.owl,84276.66666666669,JFACT
ore_ont_6712.owl,486610.33333333326,JFACT
ore_ont_14216.owl,1800000.0,JFACT
ore_ont_8787.owl,1800000.0,JFACT
ore_ont_12118.owl,1363.0,JFACT
ore_ont_7417.owl,1578.666666666667,JFACT
ore_ont_3658.owl,1800000.0,JFACT
ore_ont_7361.owl,1800000.0,JFACT
ore_ont_8951.owl,1431.0,JFACT
ore_ont_14425.owl,34013.333333333336,JFACT
ore_ont_7320.owl,6535.666666666668,JFACT
ore_ont_8194.owl,1800000.0,JFACT
ore_ont_5014.owl,1592.0,JFACT
ore_ont_15203.owl,1800000.0,JFACT
ore_ont_8145.owl,44798.66666666666,JFACT
ore_ont_13429.owl,1327.0,JFACT
ore_ont_16188.owl,1618.666666666667,JFACT
ore_ont_1475.owl,5084.0,JFACT
ore_ont_11878.owl,37316.66666666666,JFACT
ore_ont_15514.owl,2033.666666666667,JFACT
ore_ont_13723.owl,21491.33333333333,JFACT
ore_ont_1965.owl,7929.666666666668,JFACT
ore_ont_11289.owl,6144.666666666668,JFACT
ore_ont_2753.owl,1603.333333333333,JFACT
ore_ont_13846.owl,1800000.0,JFACT
ore_ont_5646.owl,1408.0,JFACT
ore_ont_4006.owl,50980.33333333334,JFACT
ore_ont_6495.owl,1349.6666666666667,JFACT
ore_ont_6444.owl,244441.0,JFACT
ore_ont_15030.owl,-1.0,JFACT
ore_ont_14328.owl,1258.6666666666667,JFACT
ore_ont_4770.owl,5519.0,JFACT
ore_ont_1043.owl,1800000.0,JFACT
ore_ont_3873.owl,1425034.0,JFACT
ore_ont_11635.owl,7018.0,JFACT
ore_ont_394.owl,1897.0,JFACT
ore_ont_7517.owl,1400.333333333333,JFACT
ore_ont_4133.owl,1511.666666666667,JFACT
ore_ont_9024.owl,2157.0,JFACT
ore_ont_6207.owl,1350.3333333333333,JFACT
ore_ont_7496.owl,1800000.0,JFACT
ore_ont_9695.owl,1730.0,JFACT
ore_ont_7401.owl,213823.66666666663,JFACT
ore_ont_16010.owl,1268.6666666666667,JFACT
ore_ont_935.owl,1800000.0,JFACT
ore_ont_11380.owl,1802.333333333333,JFACT
ore_ont_14379.owl,1800000.0,JFACT
ore_ont_5932.owl,1438.666666666667,JFACT
ore_ont_9805.owl,1162.6666666666667,JFACT
ore_ont_12839.owl,31212.0,JFACT
ore_ont_15491.owl,1800000.0,JFACT
ore_ont_8486.owl,1800000.0,JFACT
ore_ont_10009.owl,1355.6666666666667,JFACT
ore_ont_12665.owl,10011.333333333334,JFACT
ore_ont_13141.owl,3192.333333333333,JFACT
ore_ont_16481.owl,29486.0,JFACT
ore_ont_9768.owl,1663442.666666667,JFACT
ore_ont_8128.owl,1225.0,JFACT
ore_ont_16184.owl,76590.33333333331,JFACT
ore_ont_6939.owl,1832.0,JFACT
ore_ont_10778.owl,195627.66666666663,JFACT
ore_ont_7084.owl,-1.0,JFACT
ore_ont_11504.owl,1385.333333333333,JFACT
ore_ont_7342.owl,1946.333333333333,JFACT
ore_ont_773.owl,1213716.0,JFACT
ore_ont_2703.owl,3076.666666666666,JFACT
ore_ont_14607.owl,57407.0,JFACT
ore_ont_11401.owl,1475.333333333333,JFACT
ore_ont_3832.owl,1478.333333333333,JFACT
ore_ont_2661.owl,38718.66666666666,JFACT
ore_ont_7499.owl,1800000.0,JFACT
ore_ont_13398.owl,1674.0,JFACT
ore_ont_2627.owl,43927.333333333336,JFACT
ore_ont_1662.owl,1250.3333333333333,JFACT
ore_ont_7962.owl,1182.6666666666667,JFACT
ore_ont_8940.owl,6253.0,JFACT
ore_ont_6246.owl,4281.0,JFACT
ore_ont_6627.owl,1800000.0,JFACT
ore_ont_5078.owl,2876.333333333333,JFACT
ore_ont_2860.owl,1596.0,JFACT
ore_ont_751.owl,1800000.0,JFACT
ore_ont_3987.owl,1260.6666666666667,JFACT
ore_ont_11978.owl,1365.0,JFACT
ore_ont_3524.owl,668622.3333333335,JFACT
ore_ont_14285.owl,1648.0,JFACT
ore_ont_3344.owl,2403.6666666666665,JFACT
ore_ont_14027.owl,8426.666666666666,JFACT
ore_ont_9761.owl,10914.333333333334,JFACT
ore_ont_16372.owl,-1.0,JFACT
ore_ont_4527.owl,3543.0,JFACT
ore_ont_6272.owl,37161.0,JFACT
ore_ont_6504.owl,5409.0,JFACT
ore_ont_7474.owl,-1.0,JFACT
ore_ont_153.owl,-1.0,JFACT
ore_ont_11536.owl,5504.0,JFACT
ore_ont_11291.owl,1272.6666666666667,JFACT
ore_ont_5205.owl,1472.0,JFACT
ore_ont_6111.owl,8088.333333333332,JFACT
ore_ont_13584.owl,1408.666666666667,JFACT
ore_ont_9694.owl,14110.333333333336,JFACT
ore_ont_2318.owl,4718.0,JFACT
ore_ont_290.owl,-1.0,JFACT
ore_ont_3550.owl,3875.333333333334,JFACT
ore_ont_3260.owl,1255.3333333333333,JFACT
ore_ont_12107.owl,1421.333333333333,JFACT
ore_ont_3177.owl,3846.666666666666,JFACT
ore_ont_2291.owl,458684.0,JFACT
ore_ont_9928.owl,1469.333333333333,JFACT
ore_ont_16425.owl,1573.333333333333,JFACT
ore_ont_12161.owl,5518.333333333332,JFACT
ore_ont_11110.owl,744121.3333333335,JFACT
ore_ont_14588.owl,1244.6666666666667,JFACT
ore_ont_7833.owl,2994.0,JFACT
ore_ont_10951.owl,87050.33333333331,JFACT
ore_ont_5115.owl,3374.0,JFACT
ore_ont_8294.owl,5023.0,JFACT
ore_ont_10026.owl,1804.666666666667,JFACT
ore_ont_10781.owl,1800000.0,JFACT
ore_ont_10123.owl,19259.33333333333,JFACT
ore_ont_10608.owl,8598.333333333334,JFACT
ore_ont_13740.owl,1395.0,JFACT
ore_ont_1182.owl,1800000.0,JFACT
ore_ont_3640.owl,5751.666666666668,JFACT
ore_ont_8369.owl,1338.0,JFACT
ore_ont_16167.owl,1154.3333333333333,JFACT
ore_ont_11696.owl,5600.0,JFACT
ore_ont_5368.owl,20753.33333333333,JFACT
ore_ont_7988.owl,1449.333333333333,JFACT
ore_ont_1481.owl,2590.0,JFACT
ore_ont_178.owl,1337.3333333333333,JFACT
ore_ont_4141.owl,16896.666666666668,JFACT
ore_ont_9257.owl,5037.333333333333,JFACT
ore_ont_4802.owl,518905.0,JFACT
ore_ont_185.owl,1554.666666666667,JFACT
ore_ont_7343.owl,58243.0,JFACT
ore_ont_4767.owl,1459.666666666667,JFACT
ore_ont_5481.owl,1800000.0,JFACT
ore_ont_14883.owl,1705.333333333333,JFACT
ore_ont_15516.owl,1429.333333333333,JFACT
ore_ont_10248.owl,326315.66666666674,JFACT
ore_ont_12932.owl,1547.0,JFACT
ore_ont_15388.owl,99237.33333333331,JFACT
ore_ont_6234.owl,1800000.0,JFACT
ore_ont_10388.owl,1745.666666666667,JFACT
ore_ont_12451.owl,-1.0,JFACT
ore_ont_15066.owl,-1.0,JFACT
ore_ont_14897.owl,1800000.0,JFACT
ore_ont_2792.owl,-1.0,JFACT
ore_ont_3082.owl,1214.3333333333333,JFACT
ore_ont_3214.owl,5557.333333333332,JFACT
ore_ont_2454.owl,5295.333333333333,JFACT
ore_ont_2826.owl,45550.0,JFACT
ore_ont_2485.owl,1117.6666666666667,JFACT
ore_ont_3562.owl,34074.333333333336,JFACT
ore_ont_15615.owl,7530.333333333332,JFACT
ore_ont_15229.owl,1269.6666666666667,JFACT
ore_ont_9088.owl,1368.3333333333333,JFACT
ore_ont_15655.owl,-1.0,JFACT
ore_ont_8858.owl,1595085.333333333,JFACT
ore_ont_13969.owl,1800000.0,JFACT
ore_ont_13230.owl,6349.0,JFACT
ore_ont_12802.owl,37140.66666666666,JFACT
ore_ont_3330.owl,1217.0,JFACT
ore_ont_12128.owl,1800000.0,JFACT
ore_ont_11460.owl,1800000.0,JFACT
ore_ont_8665.owl,1316.0,JFACT
ore_ont_12149.owl,35717.666666666664,JFACT
ore_ont_10053.owl,7173.333333333332,JFACT
ore_ont_4515.owl,-1.0,JFACT
ore_ont_6310.owl,31633.33333333333,JFACT
ore_ont_10068.owl,1800000.0,JFACT
ore_ont_14517.owl,1316.0,JFACT
ore_ont_10409.owl,-1.0,JFACT
ore_ont_15421.owl,1800000.0,JFACT
ore_ont_7178.owl,151992.66666666663,JFACT
ore_ont_11910.owl,7028.0,JFACT
ore_ont_9513.owl,17306.666666666668,JFACT
ore_ont_8662.owl,1190.0,JFACT
ore_ont_6461.owl,1253.6666666666667,JFACT
ore_ont_4755.owl,1800000.0,JFACT
ore_ont_15145.owl,1188.6666666666667,JFACT
ore_ont_8941.owl,2137.333333333333,JFACT
ore_ont_13078.owl,6363.0,JFACT
ore_ont_2469.owl,1800000.0,JFACT
ore_ont_11311.owl,1800000.0,JFACT
ore_ont_7557.owl,-1.0,JFACT
ore_ont_11899.owl,1800000.0,JFACT
ore_ont_12182.owl,-1.0,JFACT
ore_ont_14919.owl,-1.0,JFACT
ore_ont_11592.owl,1406.333333333333,JFACT
ore_ont_10807.owl,1891.666666666667,JFACT
ore_ont_8030.owl,1853.333333333333,JFACT
ore_ont_13912.owl,-1.0,JFACT
ore_ont_13404.owl,1648.666666666667,JFACT
ore_ont_12824.owl,1307.3333333333333,JFACT
ore_ont_14995.owl,6370.666666666668,JFACT
ore_ont_4210.owl,5537.333333333332,JFACT
ore_ont_14221.owl,1800000.0,JFACT
ore_ont_11834.owl,1356.3333333333333,JFACT
ore_ont_2453.owl,1747.0,JFACT
ore_ont_16115.owl,1554.333333333333,JFACT
ore_ont_3917.owl,-1.0,JFACT
ore_ont_3255.owl,82823.66666666669,JFACT
ore_ont_8509.owl,2891.0,JFACT
ore_ont_2415.owl,1800000.0,JFACT
ore_ont_2744.owl,1634.333333333333,JFACT
ore_ont_11497.owl,1376.333333333333,JFACT
ore_ont_11626.owl,5035.0,JFACT
ore_ont_5092.owl,-1.0,JFACT
ore_ont_5184.owl,1483.666666666667,JFACT
ore_ont_15800.owl,1250.3333333333333,JFACT
ore_ont_11296.owl,-1.0,JFACT
ore_ont_9783.owl,1549.666666666667,JFACT
ore_ont_7716.owl,35259.333333333336,JFACT
ore_ont_8355.owl,1447.333333333333,JFACT
ore_ont_5572.owl,1238.6666666666667,JFACT
ore_ont_7789.owl,1388.666666666667,JFACT
ore_ont_12418.owl,-1.0,JFACT
ore_ont_7409.owl,-1.0,JFACT
ore_ont_7339.owl,1504.0,JFACT
ore_ont_7758.owl,-1.0,JFACT
ore_ont_2612.owl,2079.6666666666665,JFACT
ore_ont_3215.owl,1800000.0,JFACT
ore_ont_16850.owl,1183.3333333333333,JFACT
ore_ont_10350.owl,2943.0,JFACT
ore_ont_8329.owl,4624.0,JFACT
ore_ont_6869.owl,5764.333333333332,JFACT
ore_ont_13679.owl,-1.0,JFACT
ore_ont_5707.owl,-1.0,JFACT
ore_ont_13224.owl,1800000.0,JFACT
ore_ont_8933.owl,6959.666666666668,JFACT
ore_ont_10750.owl,1800000.0,JFACT
ore_ont_7345.owl,2480.0,JFACT
ore_ont_3919.owl,-1.0,JFACT
ore_ont_8166.owl,2081.333333333333,JFACT
ore_ont_7525.owl,1417.333333333333,JFACT
ore_ont_11207.owl,1800000.0,JFACT
ore_ont_7014.owl,5533.333333333332,JFACT
ore_ont_1823.owl,1527.0,JFACT
ore_ont_11600.owl,19177.33333333333,JFACT
ore_ont_11739.owl,133346.66666666663,JFACT
ore_ont_2936.owl,1146.6666666666667,JFACT
ore_ont_3916.owl,1769.0,JFACT
ore_ont_2820.owl,692327.6666666665,JFACT
ore_ont_2232.owl,19138.0,JFACT
ore_ont_16120.owl,-1.0,JFACT
ore_ont_16687.owl,29905.33333333333,JFACT
ore_ont_8326.owl,-1.0,JFACT
ore_ont_6615.owl,1436.0,JFACT
ore_ont_16444.owl,615993.3333333335,JFACT
ore_ont_7192.owl,-1.0,JFACT
ore_ont_7800.owl,1290.3333333333333,JFACT
ore_ont_10283.owl,1692.0,JFACT
ore_ont_7607.owl,27111.66666666667,JFACT
ore_ont_2669.owl,1501.333333333333,JFACT
ore_ont_8094.owl,1260.3333333333333,JFACT
ore_ont_10212.owl,13119.666666666664,JFACT
ore_ont_7220.owl,1693.0,JFACT
ore_ont_4604.owl,1800000.0,JFACT
ore_ont_11157.owl,8452.333333333334,JFACT
ore_ont_16501.owl,1555.333333333333,JFACT
ore_ont_8999.owl,-1.0,JFACT
ore_ont_15667.owl,-1.0,JFACT
ore_ont_13071.owl,387890.33333333326,JFACT
ore_ont_15703.owl,653134.6666666665,JFACT
ore_ont_12369.owl,1359.3333333333333,JFACT
ore_ont_12985.owl,544317.0,JFACT
