0,ore_ont_6437.owl
1,ore_ont_8050.owl
2,ore_ont_165.owl
3,ore_ont_2901.owl
4,ore_ont_13071.owl
5,ore_ont_4952.owl
6,ore_ont_6443.owl
7,ore_ont_6246.owl
8,ore_ont_6109.owl
9,ore_ont_11004.owl
10,ore_ont_10006.owl
11,ore_ont_3484.owl
12,ore_ont_16268.owl
13,ore_ont_1559.owl
14,ore_ont_5596.owl
15,ore_ont_11115.owl
16,ore_ont_3775.owl
17,ore_ont_5241.owl
18,ore_ont_1016.owl
19,ore_ont_2632.owl
20,ore_ont_8940.owl
21,ore_ont_6378.owl
22,ore_ont_16750.owl
23,ore_ont_5260.owl
24,ore_ont_7401.owl
25,ore_ont_6212.owl
26,ore_ont_762.owl
27,ore_ont_3418.owl
28,ore_ont_1997.owl
29,ore_ont_8329.owl
30,ore_ont_6934.owl
31,ore_ont_10175.owl
32,ore_ont_1833.owl
33,ore_ont_9513.owl
34,ore_ont_580.owl
35,ore_ont_9894.owl
36,ore_ont_13679.owl
37,ore_ont_14425.owl
38,ore_ont_3550.owl
39,ore_ont_10270.owl
40,ore_ont_13078.owl
41,ore_ont_2253.owl
42,ore_ont_11298.owl
43,ore_ont_4903.owl
44,ore_ont_10949.owl
45,ore_ont_15796.owl
46,ore_ont_3274.owl
47,ore_ont_3780.owl
48,ore_ont_9054.owl
49,ore_ont_9768.owl
50,ore_ont_8399.owl
51,ore_ont_934.owl
52,ore_ont_16054.owl
53,ore_ont_8744.owl
54,ore_ont_11053.owl
55,ore_ont_16501.owl
56,ore_ont_15231.owl
57,ore_ont_6951.owl
58,ore_ont_2700.owl
59,ore_ont_9835.owl
60,ore_ont_16626.owl
61,ore_ont_6696.owl
62,ore_ont_5696.owl
63,ore_ont_9994.owl
64,ore_ont_8347.owl
65,ore_ont_10805.owl
66,ore_ont_8355.owl
67,ore_ont_11719.owl
68,ore_ont_7894.owl
69,ore_ont_6862.owl
70,ore_ont_3503.owl
71,ore_ont_12012.owl
72,ore_ont_795.owl
73,ore_ont_7234.owl
74,ore_ont_6504.owl
75,ore_ont_9904.owl
76,ore_ont_8492.owl
77,ore_ont_10016.owl
78,ore_ont_14388.owl
79,ore_ont_8250.owl
80,ore_ont_16730.owl
81,ore_ont_3515.owl
82,ore_ont_8387.owl
83,ore_ont_8068.owl
84,ore_ont_10309.owl
85,ore_ont_15172.owl
86,ore_ont_253.owl
87,ore_ont_1501.owl
88,ore_ont_3978.owl
89,ore_ont_9854.owl
90,ore_ont_10314.owl
91,ore_ont_7394.owl
92,ore_ont_586.owl
93,ore_ont_3671.owl
94,ore_ont_1517.owl
95,ore_ont_2577.owl
96,ore_ont_5566.owl
97,ore_ont_11282.owl
98,ore_ont_15355.owl
99,ore_ont_1746.owl
100,ore_ont_9577.owl
101,ore_ont_13299.owl
102,ore_ont_7256.owl
103,ore_ont_11572.owl
104,ore_ont_6566.owl
105,ore_ont_7327.owl
106,ore_ont_7003.owl
107,ore_ont_15575.owl
108,ore_ont_1342.owl
109,ore_ont_1869.owl
110,ore_ont_5404.owl
111,ore_ont_6835.owl
112,ore_ont_11389.owl
113,ore_ont_11577.owl
114,ore_ont_8432.owl
115,ore_ont_3771.owl
116,ore_ont_16746.owl
117,ore_ont_2513.owl
118,ore_ont_1954.owl
119,ore_ont_7127.owl
120,ore_ont_12397.owl
121,ore_ont_15917.owl
122,ore_ont_6952.owl
123,ore_ont_2011.owl
124,ore_ont_16197.owl
125,ore_ont_13759.owl
126,ore_ont_3133.owl
127,ore_ont_13700.owl
128,ore_ont_12379.owl
129,ore_ont_4855.owl
130,ore_ont_9896.owl
131,ore_ont_10571.owl
132,ore_ont_12925.owl
133,ore_ont_8705.owl
134,ore_ont_12522.owl
135,ore_ont_1618.owl
136,ore_ont_10230.owl
137,ore_ont_2228.owl
138,ore_ont_12653.owl
139,ore_ont_11592.owl
140,ore_ont_5669.owl
141,ore_ont_4260.owl
142,ore_ont_2497.owl
143,ore_ont_10536.owl
144,ore_ont_338.owl
145,ore_ont_7339.owl
146,ore_ont_14273.owl
147,ore_ont_6889.owl
148,ore_ont_4006.owl
149,ore_ont_7944.owl
150,ore_ont_2020.owl
151,ore_ont_13657.owl
152,ore_ont_7488.owl
153,ore_ont_12721.owl
154,ore_ont_8781.owl
155,ore_ont_10088.owl
156,ore_ont_12405.owl
157,ore_ont_14912.owl
158,ore_ont_4775.owl
159,ore_ont_4242.owl
160,ore_ont_15615.owl
161,ore_ont_13053.owl
162,ore_ont_2488.owl
163,ore_ont_14381.owl
164,ore_ont_12284.owl
165,ore_ont_5090.owl
166,ore_ont_8429.owl
167,ore_ont_7663.owl
168,ore_ont_3561.owl
169,ore_ont_5266.owl
170,ore_ont_16371.owl
171,ore_ont_13902.owl
172,ore_ont_14237.owl
173,ore_ont_10285.owl
174,ore_ont_3529.owl
175,ore_ont_13451.owl
176,ore_ont_10283.owl
177,ore_ont_13483.owl
178,ore_ont_12325.owl
179,ore_ont_9596.owl
180,ore_ont_13954.owl
181,ore_ont_9666.owl
182,ore_ont_7507.owl
183,ore_ont_14272.owl
184,ore_ont_7345.owl
185,ore_ont_13885.owl
186,ore_ont_3377.owl
187,ore_ont_16114.owl
188,ore_ont_8779.owl
189,ore_ont_14767.owl
190,ore_ont_2612.owl
191,ore_ont_8557.owl
192,ore_ont_380.owl
193,ore_ont_7776.owl
194,ore_ont_2454.owl
195,ore_ont_16853.owl
196,ore_ont_10778.owl
197,ore_ont_4671.owl
198,ore_ont_7409.owl
199,ore_ont_6461.owl
200,ore_ont_3177.owl
201,ore_ont_2415.owl
202,ore_ont_12433.owl
203,ore_ont_630.owl
204,ore_ont_4400.owl
205,ore_ont_16535.owl
206,ore_ont_699.owl
207,ore_ont_4604.owl
208,ore_ont_7817.owl
209,ore_ont_8019.owl
210,ore_ont_3349.owl
211,ore_ont_541.owl
212,ore_ont_947.owl
213,ore_ont_14370.owl
214,ore_ont_9612.owl
215,ore_ont_12892.owl
216,ore_ont_16105.owl
217,ore_ont_4313.owl
218,ore_ont_14776.owl
219,ore_ont_14221.owl
220,ore_ont_2243.owl
221,ore_ont_8975.owl
222,ore_ont_8974.owl
223,ore_ont_11497.owl
224,ore_ont_4652.owl
225,ore_ont_13949.owl
226,ore_ont_1823.owl
227,ore_ont_13799.owl
228,ore_ont_14601.owl
229,ore_ont_3680.owl
230,ore_ont_269.owl
231,ore_ont_7914.owl
232,ore_ont_11889.owl
233,ore_ont_15292.owl
234,ore_ont_6815.owl
235,ore_ont_964.owl
236,ore_ont_12342.owl
237,ore_ont_2627.owl
238,ore_ont_3164.owl
239,ore_ont_14331.owl
240,ore_ont_11110.owl
241,ore_ont_3832.owl
242,ore_ont_1422.owl
243,ore_ont_10419.owl
244,ore_ont_7111.owl
245,ore_ont_5485.owl
246,ore_ont_15514.owl
247,ore_ont_16847.owl
248,ore_ont_15976.owl
249,ore_ont_6108.owl
250,ore_ont_7364.owl
251,ore_ont_9598.owl
252,ore_ont_10053.owl
253,ore_ont_1756.owl
254,ore_ont_8462.owl
255,ore_ont_5781.owl
256,ore_ont_15968.owl
257,ore_ont_6981.owl
258,ore_ont_7246.owl
259,ore_ont_14826.owl
260,ore_ont_2557.owl
261,ore_ont_5213.owl
262,ore_ont_9772.owl
263,ore_ont_8640.owl
264,ore_ont_16701.owl
265,ore_ont_14379.owl
266,ore_ont_2291.owl
267,ore_ont_1445.owl
268,ore_ont_290.owl
269,ore_ont_8755.owl
270,ore_ont_10362.owl
271,ore_ont_4732.owl
272,ore_ont_1211.owl
273,ore_ont_4510.owl
274,ore_ont_7474.owl
275,ore_ont_3504.owl
276,ore_ont_5849.owl
277,ore_ont_9899.owl
278,ore_ont_1066.owl
279,ore_ont_10431.owl
280,ore_ont_13621.owl
281,ore_ont_14936.owl
282,ore_ont_16425.owl
283,ore_ont_7828.owl
284,ore_ont_13113.owl
285,ore_ont_12219.owl
286,ore_ont_8047.owl
287,ore_ont_1481.owl
288,ore_ont_1790.owl
289,ore_ont_13306.owl
290,ore_ont_2504.owl
291,ore_ont_14154.owl
292,ore_ont_6726.owl
293,ore_ont_4958.owl
294,ore_ont_4898.owl
295,ore_ont_1310.owl
296,ore_ont_1646.owl
297,ore_ont_13772.owl
298,ore_ont_10672.owl
299,ore_ont_4875.owl
300,ore_ont_15696.owl
301,ore_ont_4074.owl
302,ore_ont_10423.owl
303,ore_ont_258.owl
304,ore_ont_283.owl
305,ore_ont_6202.owl
306,ore_ont_6816.owl
307,ore_ont_16684.owl
308,ore_ont_6735.owl
309,ore_ont_11696.owl
310,ore_ont_13103.owl
311,ore_ont_2738.owl
312,ore_ont_14607.owl
313,ore_ont_8902.owl
314,ore_ont_12932.owl
315,ore_ont_16188.owl
316,ore_ont_8668.owl
317,ore_ont_9673.owl
318,ore_ont_4469.owl
319,ore_ont_12985.owl
320,ore_ont_13234.owl
321,ore_ont_13524.owl
322,ore_ont_1478.owl
323,ore_ont_16687.owl
324,ore_ont_10321.owl
325,ore_ont_8948.owl
326,ore_ont_6923.owl
327,ore_ont_2837.owl
328,ore_ont_13112.owl
329,ore_ont_7370.owl
330,ore_ont_12382.owl
331,ore_ont_1743.owl
332,ore_ont_1430.owl
333,ore_ont_6542.owl
334,ore_ont_8792.owl
335,ore_ont_12101.owl
336,ore_ont_3262.owl
337,ore_ont_3087.owl
338,ore_ont_22.owl
339,ore_ont_13919.owl
340,ore_ont_5107.owl
341,ore_ont_148.owl
342,ore_ont_8369.owl
343,ore_ont_14883.owl
344,ore_ont_12836.owl
345,ore_ont_16008.owl
346,ore_ont_9662.owl
347,ore_ont_14831.owl
348,ore_ont_13298.owl
349,ore_ont_8665.owl
350,ore_ont_1508.owl
351,ore_ont_12191.owl
352,ore_ont_16630.owl
353,ore_ont_7926.owl
354,ore_ont_12007.owl
355,ore_ont_5519.owl
356,ore_ont_1603.owl
357,ore_ont_11695.owl
358,ore_ont_13704.owl
359,ore_ont_12584.owl
360,ore_ont_10388.owl
361,ore_ont_14334.owl
362,ore_ont_14593.owl
363,ore_ont_8470.owl
364,ore_ont_14280.owl
365,ore_ont_16120.owl
366,ore_ont_15152.owl
367,ore_ont_15260.owl
368,ore_ont_5398.owl
369,ore_ont_3480.owl
370,ore_ont_5462.owl
371,ore_ont_5894.owl
372,ore_ont_7995.owl
373,ore_ont_13737.owl
374,ore_ont_3282.owl
375,ore_ont_12107.owl
376,ore_ont_1988.owl
377,ore_ont_955.owl
378,ore_ont_8858.owl
379,ore_ont_4587.owl
380,ore_ont_13229.owl
381,ore_ont_3797.owl
382,ore_ont_9046.owl
383,ore_ont_3301.owl
384,ore_ont_904.owl
385,ore_ont_2783.owl
386,ore_ont_10951.owl
387,ore_ont_15583.owl
388,ore_ont_4577.owl
389,ore_ont_7726.owl
390,ore_ont_3082.owl
391,ore_ont_9943.owl
392,ore_ont_10254.owl
393,ore_ont_9558.owl
394,ore_ont_11014.owl
395,ore_ont_5057.owl
396,ore_ont_10109.owl
397,ore_ont_15217.owl
398,ore_ont_1473.owl
399,ore_ont_12414.owl
400,ore_ont_5815.owl
401,ore_ont_3500.owl
402,ore_ont_3806.owl
403,ore_ont_5193.owl
404,ore_ont_5834.owl
405,ore_ont_1784.owl
406,ore_ont_9590.owl
407,ore_ont_7639.owl
408,ore_ont_5220.owl
409,ore_ont_13898.owl
410,ore_ont_7218.owl
411,ore_ont_13851.owl
412,ore_ont_10133.owl
413,ore_ont_2361.owl
414,ore_ont_2820.owl
415,ore_ont_5263.owl
416,ore_ont_6149.owl
417,ore_ont_11522.owl
418,ore_ont_14128.owl
419,ore_ont_3892.owl
420,ore_ont_316.owl
421,ore_ont_16191.owl
422,ore_ont_2338.owl
423,ore_ont_6024.owl
424,ore_ont_8627.owl
425,ore_ont_2652.owl
426,ore_ont_13106.owl
427,ore_ont_12698.owl
428,ore_ont_8759.owl
429,ore_ont_10445.owl
430,ore_ont_14412.owl
431,ore_ont_3784.owl
432,ore_ont_4092.owl
433,ore_ont_8417.owl
434,ore_ont_3842.owl
435,ore_ont_10594.owl
436,ore_ont_5688.owl
437,ore_ont_12906.owl
438,ore_ont_10776.owl
439,ore_ont_15741.owl
440,ore_ont_8502.owl
441,ore_ont_2318.owl
442,ore_ont_14175.owl
443,ore_ont_2303.owl
444,ore_ont_13591.owl
445,ore_ont_7389.owl
446,ore_ont_15421.owl
447,ore_ont_11626.owl
448,ore_ont_33.owl
449,ore_ont_11636.owl
450,ore_ont_15224.owl
451,ore_ont_15612.owl
452,ore_ont_13398.owl
453,ore_ont_11380.owl
454,ore_ont_15685.owl
455,ore_ont_2063.owl
456,ore_ont_2556.owl
457,ore_ont_13066.owl
458,ore_ont_10019.owl
459,ore_ont_12182.owl
460,ore_ont_399.owl
461,ore_ont_15944.owl
462,ore_ont_5760.owl
463,ore_ont_14183.owl
464,ore_ont_13928.owl
465,ore_ont_3685.owl
466,ore_ont_10340.owl
467,ore_ont_7220.owl
468,ore_ont_385.owl
469,ore_ont_457.owl
470,ore_ont_11600.owl
471,ore_ont_1117.owl
472,ore_ont_15013.owl
473,ore_ont_7608.owl
474,ore_ont_8631.owl
475,ore_ont_1965.owl
476,ore_ont_4796.owl
477,ore_ont_9435.owl
478,ore_ont_566.owl
479,ore_ont_15066.owl
480,ore_ont_10952.owl
481,ore_ont_891.owl
482,ore_ont_10965.owl
483,ore_ont_7320.owl
484,ore_ont_11536.owl
485,ore_ont_9053.owl
486,ore_ont_6478.owl
487,ore_ont_6111.owl
488,ore_ont_15475.owl
489,ore_ont_7011.owl
490,ore_ont_10326.owl
491,ore_ont_5509.owl
492,ore_ont_12281.owl
493,ore_ont_7517.owl
494,ore_ont_13423.owl
495,ore_ont_15249.owl
496,ore_ont_5544.owl
497,ore_ont_16542.owl
498,ore_ont_15058.owl
499,ore_ont_4557.owl
500,ore_ont_11198.owl
501,ore_ont_5549.owl
502,ore_ont_10127.owl
503,ore_ont_12468.owl
504,ore_ont_14325.owl
505,ore_ont_11896.owl
506,ore_ont_8723.owl
507,ore_ont_5103.owl
508,ore_ont_10056.owl
509,ore_ont_5188.owl
510,ore_ont_12432.owl
511,ore_ont_2720.owl
512,ore_ont_11416.owl
513,ore_ont_6207.owl
514,ore_ont_14123.owl
515,ore_ont_14981.owl
516,ore_ont_9299.owl
517,ore_ont_1834.owl
518,ore_ont_2134.owl
519,ore_ont_6855.owl
520,ore_ont_10894.owl
521,ore_ont_7567.owl
522,ore_ont_11519.owl
523,ore_ont_7758.owl
524,ore_ont_5089.owl
525,ore_ont_13150.owl
526,ore_ont_16558.owl
527,ore_ont_9014.owl
528,ore_ont_7730.owl
529,ore_ont_9786.owl
530,ore_ont_8882.owl
531,ore_ont_6495.owl
532,ore_ont_9881.owl
533,ore_ont_9498.owl
534,ore_ont_703.owl
535,ore_ont_4460.owl
536,ore_ont_7993.owl
537,ore_ont_14341.owl
538,ore_ont_7893.owl
539,ore_ont_7499.owl
540,ore_ont_1082.owl
541,ore_ont_2142.owl
542,ore_ont_4106.owl
543,ore_ont_5216.owl
544,ore_ont_9462.owl
545,ore_ont_6444.owl
546,ore_ont_7962.owl
547,ore_ont_12317.owl
548,ore_ont_16462.owl
549,ore_ont_15932.owl
550,ore_ont_7203.owl
551,ore_ont_14588.owl
552,ore_ont_568.owl
553,ore_ont_4033.owl
554,ore_ont_16723.owl
555,ore_ont_12084.owl
556,ore_ont_2548.owl
557,ore_ont_7251.owl
558,ore_ont_6298.owl
559,ore_ont_8021.owl
560,ore_ont_9663.owl
561,ore_ont_7743.owl
562,ore_ont_8666.owl
563,ore_ont_6266.owl
564,ore_ont_13581.owl
565,ore_ont_8509.owl
566,ore_ont_13277.owl
567,ore_ont_8712.owl
568,ore_ont_9890.owl
569,ore_ont_13857.owl
570,ore_ont_7493.owl
571,ore_ont_2496.owl
572,ore_ont_11906.owl
573,ore_ont_3050.owl
574,ore_ont_6905.owl
575,ore_ont_11502.owl
576,ore_ont_16666.owl
577,ore_ont_8730.owl
578,ore_ont_6796.owl
579,ore_ont_7373.owl
580,ore_ont_10162.owl
581,ore_ont_16453.owl
582,ore_ont_13359.owl
583,ore_ont_10391.owl
584,ore_ont_8377.owl
585,ore_ont_3884.owl
586,ore_ont_5742.owl
587,ore_ont_8322.owl
588,ore_ont_13413.owl
589,ore_ont_11559.owl
590,ore_ont_1222.owl
591,ore_ont_12452.owl
592,ore_ont_6870.owl
593,ore_ont_6134.owl
594,ore_ont_16519.owl
595,ore_ont_8480.owl
596,ore_ont_394.owl
597,ore_ont_4410.owl
598,ore_ont_1579.owl
599,ore_ont_10991.owl
600,ore_ont_4581.owl
601,ore_ont_2604.owl
602,ore_ont_5292.owl
603,ore_ont_2453.owl
604,ore_ont_4917.owl
605,ore_ont_12987.owl
606,ore_ont_8119.owl
607,ore_ont_16303.owl
608,ore_ont_13460.owl
609,ore_ont_6146.owl
610,ore_ont_15790.owl
611,ore_ont_9867.owl
612,ore_ont_15291.owl
613,ore_ont_360.owl
614,ore_ont_13100.owl
615,ore_ont_13097.owl
616,ore_ont_7479.owl
617,ore_ont_8169.owl
618,ore_ont_9422.owl
619,ore_ont_3508.owl
620,ore_ont_5033.owl
621,ore_ont_260.owl
622,ore_ont_10908.owl
623,ore_ont_11949.owl
624,ore_ont_1461.owl
625,ore_ont_13545.owl
626,ore_ont_11554.owl
627,ore_ont_7525.owl
628,ore_ont_5255.owl
629,ore_ont_7195.owl
630,ore_ont_16642.owl
631,ore_ont_7399.owl
632,ore_ont_5092.owl
633,ore_ont_6535.owl
634,ore_ont_3238.owl
635,ore_ont_12743.owl
636,ore_ont_16800.owl
637,ore_ont_15099.owl
638,ore_ont_9557.owl
639,ore_ont_5298.owl
640,ore_ont_2876.owl
641,ore_ont_8641.owl
642,ore_ont_13755.owl
643,ore_ont_7226.owl
644,ore_ont_8688.owl
645,ore_ont_3905.owl
646,ore_ont_16461.owl
647,ore_ont_7706.owl
648,ore_ont_10588.owl
649,ore_ont_4208.owl
650,ore_ont_5359.owl
651,ore_ont_6368.owl
652,ore_ont_8806.owl
653,ore_ont_4516.owl
654,ore_ont_6477.owl
655,ore_ont_6737.owl
656,ore_ont_14380.owl
657,ore_ont_9792.owl
658,ore_ont_13684.owl
659,ore_ont_12635.owl
660,ore_ont_13220.owl
661,ore_ont_5664.owl
662,ore_ont_10174.owl
663,ore_ont_4383.owl
664,ore_ont_10026.owl
665,ore_ont_15576.owl
666,ore_ont_13578.owl
667,ore_ont_8335.owl
668,ore_ont_10752.owl
669,ore_ont_480.owl
670,ore_ont_11081.owl
671,ore_ont_4827.owl
672,ore_ont_16033.owl
673,ore_ont_2182.owl
674,ore_ont_7483.owl
675,ore_ont_11149.owl
676,ore_ont_7204.owl
677,ore_ont_786.owl
678,ore_ont_3003.owl
679,ore_ont_231.owl
680,ore_ont_7084.owl
681,ore_ont_7789.owl
682,ore_ont_5983.owl
683,ore_ont_980.owl
684,ore_ont_14328.owl
685,ore_ont_15297.owl
686,ore_ont_4570.owl
687,ore_ont_8671.owl
688,ore_ont_15672.owl
689,ore_ont_14931.owl
690,ore_ont_12451.owl
691,ore_ont_420.owl
692,ore_ont_9958.owl
693,ore_ont_14817.owl
694,ore_ont_10516.owl
695,ore_ont_13723.owl
696,ore_ont_3263.owl
697,ore_ont_1853.owl
698,ore_ont_3584.owl
699,ore_ont_13852.owl
700,ore_ont_2469.owl
701,ore_ont_3205.owl
702,ore_ont_2719.owl
703,ore_ont_13897.owl
704,ore_ont_4572.owl
705,ore_ont_13355.owl
706,ore_ont_2622.owl
707,ore_ont_11401.owl
708,ore_ont_12410.owl
709,ore_ont_13941.owl
710,ore_ont_14551.owl
711,ore_ont_1821.owl
712,ore_ont_11635.owl
713,ore_ont_13444.owl
714,ore_ont_16559.owl
715,ore_ont_4961.owl
716,ore_ont_725.owl
717,ore_ont_10320.owl
718,ore_ont_3733.owl
719,ore_ont_12764.owl
720,ore_ont_15407.owl
721,ore_ont_10355.owl
722,ore_ont_1469.owl
723,ore_ont_13752.owl
724,ore_ont_3010.owl
725,ore_ont_6833.owl
726,ore_ont_10481.owl
727,ore_ont_3968.owl
728,ore_ont_16017.owl
729,ore_ont_12792.owl
730,ore_ont_2672.owl
731,ore_ont_1028.owl
732,ore_ont_8145.owl
733,ore_ont_11619.owl
734,ore_ont_13643.owl
735,ore_ont_14924.owl
736,ore_ont_5204.owl
737,ore_ont_6060.owl
738,ore_ont_8719.owl
739,ore_ont_14375.owl
740,ore_ont_8579.owl
741,ore_ont_14134.owl
742,ore_ont_11392.owl
743,ore_ont_4315.owl
744,ore_ont_14031.owl
745,ore_ont_1840.owl
746,ore_ont_2526.owl
747,ore_ont_2022.owl
748,ore_ont_5253.owl
749,ore_ont_10892.owl
750,ore_ont_13018.owl
751,ore_ont_14909.owl
752,ore_ont_13646.owl
753,ore_ont_14286.owl
754,ore_ont_6338.owl
755,ore_ont_3352.owl
756,ore_ont_14367.owl
757,ore_ont_7073.owl
758,ore_ont_9031.owl
759,ore_ont_9386.owl
760,ore_ont_16056.owl
761,ore_ont_6065.owl
762,ore_ont_14926.owl
763,ore_ont_9251.owl
764,ore_ont_15655.owl
765,ore_ont_6485.owl
766,ore_ont_7418.owl
767,ore_ont_9154.owl
768,ore_ont_15363.owl
769,ore_ont_12387.owl
770,ore_ont_4487.owl
771,ore_ont_10823.owl
772,ore_ont_9864.owl
773,ore_ont_12824.owl
774,ore_ont_4780.owl
775,ore_ont_8999.owl
776,ore_ont_3281.owl
777,ore_ont_14327.owl
778,ore_ont_1475.owl
779,ore_ont_10197.owl
780,ore_ont_15331.owl
781,ore_ont_7102.owl
782,ore_ont_10749.owl
783,ore_ont_13664.owl
784,ore_ont_14667.owl
785,ore_ont_7540.owl
786,ore_ont_15800.owl
787,ore_ont_14025.owl
788,ore_ont_10348.owl
789,ore_ont_6751.owl
790,ore_ont_4767.owl
791,ore_ont_412.owl
792,ore_ont_1034.owl
793,ore_ont_3455.owl
794,ore_ont_12150.owl
795,ore_ont_11157.owl
796,ore_ont_766.owl
797,ore_ont_6817.owl
798,ore_ont_6035.owl
799,ore_ont_14353.owl
800,ore_ont_5690.owl
801,ore_ont_16850.owl
802,ore_ont_6009.owl
803,ore_ont_2792.owl
804,ore_ont_15985.owl
805,ore_ont_3344.owl
806,ore_ont_6722.owl
807,ore_ont_7908.owl
808,ore_ont_13000.owl
809,ore_ont_8203.owl
810,ore_ont_11005.owl
811,ore_ont_9736.owl
812,ore_ont_3077.owl
813,ore_ont_13833.owl
814,ore_ont_7537.owl
815,ore_ont_990.owl
816,ore_ont_10280.owl
817,ore_ont_12415.owl
818,ore_ont_14508.owl
819,ore_ont_8090.owl
820,ore_ont_9635.owl
821,ore_ont_6310.owl
822,ore_ont_6892.owl
823,ore_ont_16076.owl
824,ore_ont_6417.owl
825,ore_ont_4226.owl
826,ore_ont_7557.owl
827,ore_ont_10890.owl
828,ore_ont_15882.owl
829,ore_ont_2105.owl
830,ore_ont_16767.owl
831,ore_ont_1870.owl
832,ore_ont_15133.owl
833,ore_ont_2608.owl
834,ore_ont_2377.owl
835,ore_ont_7775.owl
836,ore_ont_3843.owl
837,ore_ont_1970.owl
838,ore_ont_7569.owl
839,ore_ont_12039.owl
840,ore_ont_7680.owl
841,ore_ont_9695.owl
842,ore_ont_1325.owl
843,ore_ont_10580.owl
844,ore_ont_12723.owl
845,ore_ont_14355.owl
846,ore_ont_13872.owl
847,ore_ont_13805.owl
848,ore_ont_11739.owl
849,ore_ont_16315.owl
850,ore_ont_12651.owl
851,ore_ont_1958.owl
852,ore_ont_637.owl
853,ore_ont_14879.owl
854,ore_ont_2082.owl
855,ore_ont_7356.owl
856,ore_ont_11910.owl
857,ore_ont_14153.owl
858,ore_ont_11357.owl
859,ore_ont_12936.owl
860,ore_ont_7455.owl
861,ore_ont_7169.owl
862,ore_ont_3231.owl
863,ore_ont_7275.owl
864,ore_ont_15184.owl
865,ore_ont_11133.owl
866,ore_ont_4639.owl
867,ore_ont_15860.owl
868,ore_ont_5646.owl
869,ore_ont_5448.owl
870,ore_ont_11504.owl
871,ore_ont_7823.owl
872,ore_ont_14587.owl
873,ore_ont_15030.owl
874,ore_ont_155.owl
875,ore_ont_11460.owl
876,ore_ont_15178.owl
877,ore_ont_6896.owl
878,ore_ont_9186.owl
879,ore_ont_12097.owl
880,ore_ont_5769.owl
881,ore_ont_10032.owl
882,ore_ont_10176.owl
883,ore_ont_6401.owl
884,ore_ont_9617.owl
885,ore_ont_15125.owl
886,ore_ont_14066.owl
887,ore_ont_3411.owl
888,ore_ont_8864.owl
889,ore_ont_12208.owl
890,ore_ont_185.owl
891,ore_ont_8667.owl
892,ore_ont_15229.owl
893,ore_ont_5149.owl
894,ore_ont_5852.owl
895,ore_ont_1397.owl
896,ore_ont_5550.owl
897,ore_ont_11316.owl
898,ore_ont_9534.owl
899,ore_ont_2662.owl
900,ore_ont_9088.owl
901,ore_ont_6102.owl
902,ore_ont_3313.owl
903,ore_ont_6358.owl
904,ore_ont_9509.owl
905,ore_ont_12676.owl
906,ore_ont_9027.owl
907,ore_ont_10008.owl
908,ore_ont_14919.owl
909,ore_ont_1340.owl
910,ore_ont_5197.owl
911,ore_ont_9690.owl
912,ore_ont_2664.owl
913,ore_ont_2036.owl
914,ore_ont_5943.owl
915,ore_ont_14742.owl
916,ore_ont_7532.owl
917,ore_ont_8396.owl
918,ore_ont_7890.owl
919,ore_ont_5564.owl
920,ore_ont_15557.owl
921,ore_ont_16428.owl
922,ore_ont_8982.owl
923,ore_ont_2378.owl
924,ore_ont_670.owl
925,ore_ont_14543.owl
926,ore_ont_10389.owl
927,ore_ont_3635.owl
928,ore_ont_12665.owl
929,ore_ont_8995.owl
930,ore_ont_13859.owl
931,ore_ont_5940.owl
932,ore_ont_7015.owl
933,ore_ont_5502.owl
934,ore_ont_7025.owl
935,ore_ont_11426.owl
936,ore_ont_13840.owl
937,ore_ont_16708.owl
938,ore_ont_12360.owl
939,ore_ont_2213.owl
940,ore_ont_6682.owl
941,ore_ont_12901.owl
942,ore_ont_10242.owl
943,ore_ont_9998.owl
944,ore_ont_10173.owl
945,ore_ont_8290.owl
946,ore_ont_10146.owl
947,ore_ont_8916.owl
948,ore_ont_7300.owl
949,ore_ont_15793.owl
950,ore_ont_5978.owl
951,ore_ont_12043.owl
952,ore_ont_2485.owl
953,ore_ont_14995.owl
954,ore_ont_3128.owl
955,ore_ont_11016.owl
956,ore_ont_9689.owl
957,ore_ont_4182.owl
958,ore_ont_14746.owl
959,ore_ont_7728.owl
960,ore_ont_15991.owl
961,ore_ont_1707.owl
962,ore_ont_9240.owl
963,ore_ont_1734.owl
964,ore_ont_10608.owl
965,ore_ont_15725.owl
966,ore_ont_15971.owl
967,ore_ont_4662.owl
968,ore_ont_7988.owl
969,ore_ont_6226.owl
970,ore_ont_4515.owl
971,ore_ont_12992.owl
972,ore_ont_3910.owl
973,ore_ont_10366.owl
974,ore_ont_6433.owl
975,ore_ont_7270.owl
976,ore_ont_5966.owl
977,ore_ont_1172.owl
978,ore_ont_10123.owl
979,ore_ont_6727.owl
980,ore_ont_9790.owl
981,ore_ont_3835.owl
982,ore_ont_8226.owl
983,ore_ont_13204.owl
984,ore_ont_9794.owl
985,ore_ont_8786.owl
986,ore_ont_16855.owl
987,ore_ont_8933.owl
988,ore_ont_8187.owl
989,ore_ont_307.owl
990,ore_ont_12152.owl
991,ore_ont_1062.owl
992,ore_ont_9429.owl
993,ore_ont_5080.owl
994,ore_ont_9805.owl
995,ore_ont_6469.owl
996,ore_ont_14223.owl
997,ore_ont_15737.owl
998,ore_ont_507.owl
999,ore_ont_16124.owl
1000,ore_ont_6664.owl
1001,ore_ont_11452.owl
1002,ore_ont_9413.owl
1003,ore_ont_13337.owl
1004,ore_ont_5707.owl
1005,ore_ont_13392.owl
1006,ore_ont_5303.owl
1007,ore_ont_3931.owl
1008,ore_ont_13964.owl
1009,ore_ont_773.owl
1010,ore_ont_7858.owl
1011,ore_ont_7178.owl
1012,ore_ont_6939.owl
1013,ore_ont_4856.owl
1014,ore_ont_10199.owl
1015,ore_ont_10140.owl
1016,ore_ont_15108.owl
1017,ore_ont_16759.owl
1018,ore_ont_10212.owl
1019,ore_ont_9545.owl
1020,ore_ont_3873.owl
1021,ore_ont_1820.owl
1022,ore_ont_778.owl
1023,ore_ont_802.owl
1024,ore_ont_9151.owl
1025,ore_ont_5376.owl
1026,ore_ont_11817.owl
1027,ore_ont_4235.owl
1028,ore_ont_1115.owl
1029,ore_ont_5755.owl
1030,ore_ont_1509.owl
1031,ore_ont_2012.owl
1032,ore_ont_15397.owl
1033,ore_ont_13336.owl
1034,ore_ont_5368.owl
1035,ore_ont_7439.owl
1036,ore_ont_10838.owl
1037,ore_ont_11685.owl
1038,ore_ont_14407.owl
1039,ore_ont_6333.owl
1040,ore_ont_11948.owl
1041,ore_ont_9122.owl
1042,ore_ont_3341.owl
1043,ore_ont_3102.owl
1044,ore_ont_4719.owl
1045,ore_ont_4363.owl
1046,ore_ont_13124.owl
1047,ore_ont_16267.owl
1048,ore_ont_13474.owl
1049,ore_ont_9694.owl
1050,ore_ont_1420.owl
1051,ore_ont_13276.owl
1052,ore_ont_8189.owl
1053,ore_ont_7482.owl
1054,ore_ont_7496.owl
1055,ore_ont_7938.owl
1056,ore_ont_5841.owl
1057,ore_ont_4834.owl
1058,ore_ont_330.owl
1059,ore_ont_12474.owl
1060,ore_ont_10134.owl
1061,ore_ont_10697.owl
1062,ore_ont_12931.owl
1063,ore_ont_5164.owl
1064,ore_ont_12141.owl
1065,ore_ont_12536.owl
1066,ore_ont_14348.owl
1067,ore_ont_16829.owl
1068,ore_ont_12776.owl
1069,ore_ont_11378.owl
1070,ore_ont_16444.owl
1071,ore_ont_5492.owl
1072,ore_ont_869.owl
1073,ore_ont_2658.owl
1074,ore_ont_4567.owl
1075,ore_ont_5184.owl
1076,ore_ont_15273.owl
1077,ore_ont_2703.owl
1078,ore_ont_16509.owl
1079,ore_ont_3562.owl
1080,ore_ont_7778.owl
1081,ore_ont_14816.owl
1082,ore_ont_3381.owl
1083,ore_ont_9972.owl
1084,ore_ont_6132.owl
1085,ore_ont_2129.owl
1086,ore_ont_15226.owl
1087,ore_ont_2860.owl
1088,ore_ont_5548.owl
1089,ore_ont_16617.owl
1090,ore_ont_7417.owl
1091,ore_ont_2677.owl
1092,ore_ont_9020.owl
1093,ore_ont_508.owl
1094,ore_ont_9402.owl
1095,ore_ont_7818.owl
1096,ore_ont_6822.owl
1097,ore_ont_2195.owl
1098,ore_ont_4918.owl
1099,ore_ont_14901.owl
1100,ore_ont_1886.owl
1101,ore_ont_8094.owl
1102,ore_ont_15490.owl
1103,ore_ont_7576.owl
1104,ore_ont_2121.owl
1105,ore_ont_430.owl
1106,ore_ont_13887.owl
1107,ore_ont_2046.owl
1108,ore_ont_9248.owl
1109,ore_ont_4279.owl
1110,ore_ont_9941.owl
1111,ore_ont_4187.owl
1112,ore_ont_1539.owl
1113,ore_ont_524.owl
1114,ore_ont_2753.owl
1115,ore_ont_6792.owl
1116,ore_ont_16596.owl
1117,ore_ont_13035.owl
1118,ore_ont_7584.owl
1119,ore_ont_12000.owl
1120,ore_ont_1524.owl
1121,ore_ont_14191.owl
1122,ore_ont_12566.owl
1123,ore_ont_14486.owl
1124,ore_ont_4737.owl
1125,ore_ont_3250.owl
1126,ore_ont_7712.owl
1127,ore_ont_928.owl
1128,ore_ont_8911.owl
1129,ore_ont_3080.owl
1130,ore_ont_8634.owl
1131,ore_ont_2229.owl
1132,ore_ont_4578.owl
1133,ore_ont_2744.owl
1134,ore_ont_11296.owl
1135,ore_ont_7014.owl
1136,ore_ont_11500.owl
1137,ore_ont_14255.owl
1138,ore_ont_14878.owl
1139,ore_ont_1672.owl
1140,ore_ont_5721.owl
1141,ore_ont_11623.owl
1142,ore_ont_6967.owl
1143,ore_ont_5695.owl
1144,ore_ont_4617.owl
1145,ore_ont_2237.owl
1146,ore_ont_9709.owl
1147,ore_ont_10930.owl
1148,ore_ont_5487.owl
1149,ore_ont_7108.owl
1150,ore_ont_5774.owl
1151,ore_ont_11371.owl
1152,ore_ont_3566.owl
1153,ore_ont_6278.owl
1154,ore_ont_16039.owl
1155,ore_ont_2950.owl
1156,ore_ont_12330.owl
1157,ore_ont_15803.owl
1158,ore_ont_10136.owl
1159,ore_ont_13665.owl
1160,ore_ont_14321.owl
1161,ore_ont_5764.owl
1162,ore_ont_15010.owl
1163,ore_ont_4166.owl
1164,ore_ont_3292.owl
1165,ore_ont_3909.owl
1166,ore_ont_13762.owl
1167,ore_ont_16610.owl
1168,ore_ont_11639.owl
1169,ore_ont_4223.owl
1170,ore_ont_11989.owl
1171,ore_ont_2066.owl
1172,ore_ont_3954.owl
1173,ore_ont_304.owl
1174,ore_ont_10460.owl
1175,ore_ont_5507.owl
1176,ore_ont_8135.owl
1177,ore_ont_935.owl
1178,ore_ont_2317.owl
1179,ore_ont_1406.owl
1180,ore_ont_11792.owl
1181,ore_ont_15318.owl
1182,ore_ont_12831.owl
1183,ore_ont_8128.owl
1184,ore_ont_16157.owl
1185,ore_ont_1931.owl
1186,ore_ont_8431.owl
1187,ore_ont_11484.owl
1188,ore_ont_13690.owl
1189,ore_ont_12916.owl
1190,ore_ont_15667.owl
1191,ore_ont_6589.owl
1192,ore_ont_3560.owl
1193,ore_ont_6622.owl
1194,ore_ont_13132.owl
1195,ore_ont_9857.owl
1196,ore_ont_12801.owl
1197,ore_ont_12253.owl
1198,ore_ont_10769.owl
1199,ore_ont_4782.owl
1200,ore_ont_1017.owl
1201,ore_ont_15372.owl
1202,ore_ont_16351.owl
1203,ore_ont_11125.owl
1204,ore_ont_5932.owl
1205,ore_ont_7343.owl
1206,ore_ont_12802.owl
1207,ore_ont_16166.owl
1208,ore_ont_2313.owl
1209,ore_ont_12194.owl
1210,ore_ont_8273.owl
1211,ore_ont_14365.owl
1212,ore_ont_13837.owl
1213,ore_ont_14499.owl
1214,ore_ont_11362.owl
1215,ore_ont_3592.owl
1216,ore_ont_11526.owl
1217,ore_ont_3639.owl
1218,ore_ont_12061.owl
1219,ore_ont_10004.owl
1220,ore_ont_8166.owl
1221,ore_ont_7340.owl
1222,ore_ont_5205.owl
1223,ore_ont_8844.owl
1224,ore_ont_5604.owl
1225,ore_ont_5289.owl
1226,ore_ont_15210.owl
1227,ore_ont_6198.owl
1228,ore_ont_11834.owl
1229,ore_ont_15652.owl
1230,ore_ont_5730.owl
1231,ore_ont_7833.owl
1232,ore_ont_15921.owl
1233,ore_ont_5002.owl
1234,ore_ont_10985.owl
1235,ore_ont_544.owl
1236,ore_ont_5679.owl
1237,ore_ont_11010.owl
1238,ore_ont_14818.owl
1239,ore_ont_894.owl
1240,ore_ont_8460.owl
1241,ore_ont_1767.owl
1242,ore_ont_11597.owl
1243,ore_ont_4188.owl
1244,ore_ont_4388.owl
1245,ore_ont_7079.owl
1246,ore_ont_1705.owl
1247,ore_ont_14312.owl
1248,ore_ont_9809.owl
1249,ore_ont_12009.owl
1250,ore_ont_4610.owl
1251,ore_ont_4382.owl
1252,ore_ont_14027.owl
1253,ore_ont_5162.owl
1254,ore_ont_13404.owl
1255,ore_ont_2266.owl
1256,ore_ont_236.owl
1257,ore_ont_12957.owl
1258,ore_ont_4668.owl
1259,ore_ont_1493.owl
1260,ore_ont_7729.owl
1261,ore_ont_336.owl
1262,ore_ont_5258.owl
1263,ore_ont_7180.owl
1264,ore_ont_13776.owl
1265,ore_ont_6272.owl
1266,ore_ont_3966.owl
1267,ore_ont_10807.owl
1268,ore_ont_7877.owl
1269,ore_ont_4035.owl
1270,ore_ont_3255.owl
1271,ore_ont_15692.owl
1272,ore_ont_9204.owl
1273,ore_ont_13233.owl
1274,ore_ont_6230.owl
1275,ore_ont_16274.owl
1276,ore_ont_9947.owl
1277,ore_ont_8030.owl
1278,ore_ont_12839.owl
1279,ore_ont_1966.owl
1280,ore_ont_15068.owl
1281,ore_ont_4655.owl
1282,ore_ont_16115.owl
1283,ore_ont_10833.owl
1284,ore_ont_15399.owl
1285,ore_ont_6659.owl
1286,ore_ont_1938.owl
1287,ore_ont_4205.owl
1288,ore_ont_4798.owl
1289,ore_ont_4897.owl
1290,ore_ont_3836.owl
1291,ore_ont_2038.owl
1292,ore_ont_1357.owl
1293,ore_ont_3712.owl
1294,ore_ont_16586.owl
1295,ore_ont_11676.owl
1296,ore_ont_840.owl
1297,ore_ont_6983.owl
1298,ore_ont_9012.owl
1299,ore_ont_14518.owl
1300,ore_ont_2646.owl
1301,ore_ont_11564.owl
1302,ore_ont_6712.owl
1303,ore_ont_7464.owl
1304,ore_ont_3463.owl
1305,ore_ont_12149.owl
1306,ore_ont_9957.owl
1307,ore_ont_6258.owl
1308,ore_ont_11477.owl
1309,ore_ont_15063.owl
1310,ore_ont_13153.owl
1311,ore_ont_12221.owl
1312,ore_ont_1065.owl
1313,ore_ont_1793.owl
1314,ore_ont_4178.owl
1315,ore_ont_12486.owl
1316,ore_ont_2397.owl
1317,ore_ont_4127.owl
1318,ore_ont_15623.owl
1319,ore_ont_2302.owl
1320,ore_ont_13243.owl
1321,ore_ont_1526.owl
1322,ore_ont_191.owl
1323,ore_ont_15950.owl
1324,ore_ont_2656.owl
1325,ore_ont_15526.owl
1326,ore_ont_2360.owl
1327,ore_ont_11878.owl
1328,ore_ont_10384.owl
1329,ore_ont_2128.owl
1330,ore_ont_950.owl
1331,ore_ont_8937.owl
1332,ore_ont_8595.owl
1333,ore_ont_1537.owl
1334,ore_ont_15098.owl
1335,ore_ont_8298.owl
1336,ore_ont_6423.owl
1337,ore_ont_6483.owl
1338,ore_ont_11085.owl
1339,ore_ont_16821.owl
1340,ore_ont_15461.owl
1341,ore_ont_6615.owl
1342,ore_ont_13740.owl
1343,ore_ont_7868.owl
1344,ore_ont_4616.owl
1345,ore_ont_12087.owl
1346,ore_ont_8326.owl
1347,ore_ont_6869.owl
1348,ore_ont_14185.owl
1349,ore_ont_1346.owl
1350,ore_ont_14574.owl
1351,ore_ont_9096.owl
1352,ore_ont_3781.owl
1353,ore_ont_13139.owl
1354,ore_ont_15301.owl
1355,ore_ont_14216.owl
1356,ore_ont_3919.owl
1357,ore_ont_5927.owl
1358,ore_ont_12270.owl
1359,ore_ont_13178.owl
1360,ore_ont_1119.owl
1361,ore_ont_2491.owl
1362,ore_ont_9257.owl
1363,ore_ont_10968.owl
1364,ore_ont_11694.owl
1365,ore_ont_6999.owl
1366,ore_ont_11311.owl
1367,ore_ont_6847.owl
1368,ore_ont_105.owl
1369,ore_ont_2661.owl
1370,ore_ont_11009.owl
1371,ore_ont_9347.owl
1372,ore_ont_14840.owl
